lambda	alpha	uniform_radius_ratio	uniform_density_ratio	uniform_Pc_ratio	uniform_absEg_ratio	uniform_Pi_ratio	n1_radius_ratio	n1_rho_c_ratio	n1_Pc_ratio	n1_absEg_ratio	n1_Pi_ratio
0.000000	1.000000e+00	1.000000e+00	1.000000e+00	1.000000e+00	1.000000e+00	1.000000e+00	1.000000e+00	1.000000e+00	1.000000e+00	1.000000e+00	1.000000e+00
0.002002	9.979980e-01	1.000000e+00	1.000000e+00	9.979980e-01	9.979980e-01	9.979980e-01	1.001003e+00	9.969985e-01	9.940060e-01	9.969985e-01	9.969985e-01
0.004004	9.959960e-01	1.000000e+00	1.000000e+00	9.959960e-01	9.959960e-01	9.959960e-01	1.002008e+00	9.940000e-01	9.880360e-01	9.940000e-01	9.940000e-01
0.006006	9.939940e-01	1.000000e+00	1.000000e+00	9.939940e-01	9.939940e-01	9.939940e-01	1.003017e+00	9.910045e-01	9.820900e-01	9.910045e-01	9.910045e-01
0.008008	9.919920e-01	1.000000e+00	1.000000e+00	9.919920e-01	9.919920e-01	9.919920e-01	1.004028e+00	9.880121e-01	9.761678e-01	9.880121e-01	9.880121e-01
0.010010	9.899900e-01	1.000000e+00	1.000000e+00	9.899900e-01	9.899900e-01	9.899900e-01	1.005043e+00	9.850226e-01	9.702695e-01	9.850226e-01	9.850226e-01
0.012012	9.879880e-01	1.000000e+00	1.000000e+00	9.879880e-01	9.879880e-01	9.879880e-01	1.006061e+00	9.820362e-01	9.643951e-01	9.820362e-01	9.820362e-01
0.014014	9.859860e-01	1.000000e+00	1.000000e+00	9.859860e-01	9.859860e-01	9.859860e-01	1.007082e+00	9.790528e-01	9.585443e-01	9.790528e-01	9.790528e-01
0.016016	9.839840e-01	1.000000e+00	1.000000e+00	9.839840e-01	9.839840e-01	9.839840e-01	1.008106e+00	9.760724e-01	9.527173e-01	9.760724e-01	9.760724e-01
0.018018	9.819820e-01	1.000000e+00	1.000000e+00	9.819820e-01	9.819820e-01	9.819820e-01	1.009133e+00	9.730951e-01	9.469140e-01	9.730951e-01	9.730951e-01
0.020020	9.799800e-01	1.000000e+00	1.000000e+00	9.799800e-01	9.799800e-01	9.799800e-01	1.010163e+00	9.701207e-01	9.411343e-01	9.701207e-01	9.701207e-01
0.022022	9.779780e-01	1.000000e+00	1.000000e+00	9.779780e-01	9.779780e-01	9.779780e-01	1.011196e+00	9.671495e-01	9.353781e-01	9.671495e-01	9.671495e-01
0.024024	9.759760e-01	1.000000e+00	1.000000e+00	9.759760e-01	9.759760e-01	9.759760e-01	1.012233e+00	9.641812e-01	9.296455e-01	9.641812e-01	9.641812e-01
0.026026	9.739739e-01	1.000000e+00	1.000000e+00	9.739739e-01	9.739739e-01	9.739739e-01	1.013273e+00	9.612160e-01	9.239363e-01	9.612160e-01	9.612160e-01
0.028028	9.719719e-01	1.000000e+00	1.000000e+00	9.719719e-01	9.719719e-01	9.719719e-01	1.014316e+00	9.582539e-01	9.182505e-01	9.582539e-01	9.582539e-01
0.030030	9.699699e-01	1.000000e+00	1.000000e+00	9.699699e-01	9.699699e-01	9.699699e-01	1.015362e+00	9.552948e-01	9.125882e-01	9.552948e-01	9.552948e-01
0.032032	9.679679e-01	1.000000e+00	1.000000e+00	9.679679e-01	9.679679e-01	9.679679e-01	1.016411e+00	9.523388e-01	9.069491e-01	9.523388e-01	9.523388e-01
0.034034	9.659659e-01	1.000000e+00	1.000000e+00	9.659659e-01	9.659659e-01	9.659659e-01	1.017464e+00	9.493858e-01	9.013333e-01	9.493858e-01	9.493858e-01
0.036036	9.639639e-01	1.000000e+00	1.000000e+00	9.639639e-01	9.639639e-01	9.639639e-01	1.018520e+00	9.464358e-01	8.957408e-01	9.464358e-01	9.464358e-01
0.038038	9.619619e-01	1.000000e+00	1.000000e+00	9.619619e-01	9.619619e-01	9.619619e-01	1.019579e+00	9.434890e-01	8.901714e-01	9.434890e-01	9.434890e-01
0.040040	9.599599e-01	1.000000e+00	1.000000e+00	9.599599e-01	9.599599e-01	9.599599e-01	1.020642e+00	9.405452e-01	8.846252e-01	9.405452e-01	9.405452e-01
0.042042	9.579579e-01	1.000000e+00	1.000000e+00	9.579579e-01	9.579579e-01	9.579579e-01	1.021708e+00	9.376044e-01	8.791020e-01	9.376044e-01	9.376044e-01
0.044044	9.559559e-01	1.000000e+00	1.000000e+00	9.559559e-01	9.559559e-01	9.559559e-01	1.022777e+00	9.346668e-01	8.736019e-01	9.346668e-01	9.346668e-01
0.046046	9.539539e-01	1.000000e+00	1.000000e+00	9.539539e-01	9.539539e-01	9.539539e-01	1.023850e+00	9.317322e-01	8.681248e-01	9.317322e-01	9.317322e-01
0.048048	9.519519e-01	1.000000e+00	1.000000e+00	9.519519e-01	9.519519e-01	9.519519e-01	1.024926e+00	9.288006e-01	8.626706e-01	9.288006e-01	9.288006e-01
0.050050	9.499499e-01	1.000000e+00	1.000000e+00	9.499499e-01	9.499499e-01	9.499499e-01	1.026005e+00	9.258722e-01	8.572394e-01	9.258722e-01	9.258722e-01
0.052052	9.479479e-01	1.000000e+00	1.000000e+00	9.479479e-01	9.479479e-01	9.479479e-01	1.027088e+00	9.229469e-01	8.518309e-01	9.229469e-01	9.229469e-01
0.054054	9.459459e-01	1.000000e+00	1.000000e+00	9.459459e-01	9.459459e-01	9.459459e-01	1.028175e+00	9.200246e-01	8.464453e-01	9.200246e-01	9.200246e-01
0.056056	9.439439e-01	1.000000e+00	1.000000e+00	9.439439e-01	9.439439e-01	9.439439e-01	1.029264e+00	9.171054e-01	8.410824e-01	9.171054e-01	9.171054e-01
0.058058	9.419419e-01	1.000000e+00	1.000000e+00	9.419419e-01	9.419419e-01	9.419419e-01	1.030358e+00	9.141894e-01	8.357422e-01	9.141894e-01	9.141894e-01
0.060060	9.399399e-01	1.000000e+00	1.000000e+00	9.399399e-01	9.399399e-01	9.399399e-01	1.031454e+00	9.112764e-01	8.304246e-01	9.112764e-01	9.112764e-01
0.062062	9.379379e-01	1.000000e+00	1.000000e+00	9.379379e-01	9.379379e-01	9.379379e-01	1.032554e+00	9.083665e-01	8.251297e-01	9.083665e-01	9.083665e-01
0.064064	9.359359e-01	1.000000e+00	1.000000e+00	9.359359e-01	9.359359e-01	9.359359e-01	1.033658e+00	9.054597e-01	8.198573e-01	9.054597e-01	9.054597e-01
0.066066	9.339339e-01	1.000000e+00	1.000000e+00	9.339339e-01	9.339339e-01	9.339339e-01	1.034765e+00	9.025561e-01	8.146074e-01	9.025561e-01	9.025561e-01
0.068068	9.319319e-01	1.000000e+00	1.000000e+00	9.319319e-01	9.319319e-01	9.319319e-01	1.035876e+00	8.996555e-01	8.093800e-01	8.996555e-01	8.996555e-01
0.070070	9.299299e-01	1.000000e+00	1.000000e+00	9.299299e-01	9.299299e-01	9.299299e-01	1.036991e+00	8.967581e-01	8.041750e-01	8.967581e-01	8.967581e-01
0.072072	9.279279e-01	1.000000e+00	1.000000e+00	9.279279e-01	9.279279e-01	9.279279e-01	1.038109e+00	8.938637e-01	7.989924e-01	8.938637e-01	8.938637e-01
0.074074	9.259259e-01	1.000000e+00	1.000000e+00	9.259259e-01	9.259259e-01	9.259259e-01	1.039231e+00	8.909725e-01	7.938321e-01	8.909725e-01	8.909725e-01
0.076076	9.239238e-01	1.000000e+00	1.000000e+00	9.239238e-01	9.239238e-01	9.239238e-01	1.040356e+00	8.880844e-01	7.886940e-01	8.880844e-01	8.880844e-01
0.078078	9.219218e-01	1.000000e+00	1.000000e+00	9.219218e-01	9.219218e-01	9.219218e-01	1.041485e+00	8.851995e-01	7.835781e-01	8.851995e-01	8.851995e-01
0.080080	9.199198e-01	1.000000e+00	1.000000e+00	9.199198e-01	9.199198e-01	9.199198e-01	1.042617e+00	8.823177e-01	7.784845e-01	8.823177e-01	8.823177e-01
0.082082	9.179178e-01	1.000000e+00	1.000000e+00	9.179178e-01	9.179178e-01	9.179178e-01	1.043754e+00	8.794390e-01	7.734129e-01	8.794390e-01	8.794390e-01
0.084084	9.159158e-01	1.000000e+00	1.000000e+00	9.159158e-01	9.159158e-01	9.159158e-01	1.044894e+00	8.765634e-01	7.683634e-01	8.765634e-01	8.765634e-01
0.086086	9.139138e-01	1.000000e+00	1.000000e+00	9.139138e-01	9.139138e-01	9.139138e-01	1.046038e+00	8.736910e-01	7.633360e-01	8.736910e-01	8.736910e-01
0.088088	9.119118e-01	1.000000e+00	1.000000e+00	9.119118e-01	9.119118e-01	9.119118e-01	1.047185e+00	8.708218e-01	7.583305e-01	8.708218e-01	8.708218e-01
0.090090	9.099098e-01	1.000000e+00	1.000000e+00	9.099098e-01	9.099098e-01	9.099098e-01	1.048337e+00	8.679556e-01	7.533470e-01	8.679556e-01	8.679556e-01
0.092092	9.079078e-01	1.000000e+00	1.000000e+00	9.079078e-01	9.079078e-01	9.079078e-01	1.049492e+00	8.650927e-01	7.483853e-01	8.650927e-01	8.650927e-01
0.094094	9.059058e-01	1.000000e+00	1.000000e+00	9.059058e-01	9.059058e-01	9.059058e-01	1.050651e+00	8.622329e-01	7.434455e-01	8.622329e-01	8.622329e-01
0.096096	9.039038e-01	1.000000e+00	1.000000e+00	9.039038e-01	9.039038e-01	9.039038e-01	1.051814e+00	8.593762e-01	7.385275e-01	8.593762e-01	8.593762e-01
0.098098	9.019018e-01	1.000000e+00	1.000000e+00	9.019018e-01	9.019018e-01	9.019018e-01	1.052981e+00	8.565227e-01	7.336312e-01	8.565227e-01	8.565227e-01
0.100100	8.998998e-01	1.000000e+00	1.000000e+00	8.998998e-01	8.998998e-01	8.998998e-01	1.054151e+00	8.536724e-01	7.287565e-01	8.536724e-01	8.536724e-01
0.102102	8.978978e-01	1.000000e+00	1.000000e+00	8.978978e-01	8.978978e-01	8.978978e-01	1.055326e+00	8.508252e-01	7.239036e-01	8.508252e-01	8.508252e-01
0.104104	8.958958e-01	1.000000e+00	1.000000e+00	8.958958e-01	8.958958e-01	8.958958e-01	1.056504e+00	8.479812e-01	7.190722e-01	8.479812e-01	8.479812e-01
0.106106	8.938938e-01	1.000000e+00	1.000000e+00	8.938938e-01	8.938938e-01	8.938938e-01	1.057687e+00	8.451404e-01	7.142623e-01	8.451404e-01	8.451404e-01
0.108108	8.918918e-01	1.000000e+00	1.000000e+00	8.918918e-01	8.918918e-01	8.918918e-01	1.058873e+00	8.423028e-01	7.094740e-01	8.423028e-01	8.423028e-01
0.110110	8.898898e-01	1.000000e+00	1.000000e+00	8.898898e-01	8.898898e-01	8.898898e-01	1.060064e+00	8.394684e-01	7.047071e-01	8.394684e-01	8.394684e-01
0.112112	8.878878e-01	1.000000e+00	1.000000e+00	8.878878e-01	8.878878e-01	8.878878e-01	1.061258e+00	8.366371e-01	6.999616e-01	8.366371e-01	8.366371e-01
0.114114	8.858858e-01	1.000000e+00	1.000000e+00	8.858858e-01	8.858858e-01	8.858858e-01	1.062456e+00	8.338090e-01	6.952375e-01	8.338090e-01	8.338090e-01
0.116116	8.838838e-01	1.000000e+00	1.000000e+00	8.838838e-01	8.838838e-01	8.838838e-01	1.063659e+00	8.309841e-01	6.905346e-01	8.309841e-01	8.309841e-01
0.118118	8.818818e-01	1.000000e+00	1.000000e+00	8.818818e-01	8.818818e-01	8.818818e-01	1.064866e+00	8.281625e-01	6.858531e-01	8.281625e-01	8.281625e-01
0.120120	8.798798e-01	1.000000e+00	1.000000e+00	8.798798e-01	8.798798e-01	8.798798e-01	1.066076e+00	8.253440e-01	6.811927e-01	8.253440e-01	8.253440e-01
0.122122	8.778778e-01	1.000000e+00	1.000000e+00	8.778778e-01	8.778778e-01	8.778778e-01	1.067291e+00	8.225287e-01	6.765535e-01	8.225287e-01	8.225287e-01
0.124124	8.758758e-01	1.000000e+00	1.000000e+00	8.758758e-01	8.758758e-01	8.758758e-01	1.068510e+00	8.197166e-01	6.719354e-01	8.197166e-01	8.197166e-01
0.126126	8.738737e-01	1.000000e+00	1.000000e+00	8.738737e-01	8.738737e-01	8.738737e-01	1.069734e+00	8.169078e-01	6.673383e-01	8.169078e-01	8.169078e-01
0.128128	8.718717e-01	1.000000e+00	1.000000e+00	8.718717e-01	8.718717e-01	8.718717e-01	1.070961e+00	8.141022e-01	6.627623e-01	8.141022e-01	8.141022e-01
0.130130	8.698697e-01	1.000000e+00	1.000000e+00	8.698697e-01	8.698697e-01	8.698697e-01	1.072193e+00	8.112997e-01	6.582073e-01	8.112997e-01	8.112997e-01
0.132132	8.678677e-01	1.000000e+00	1.000000e+00	8.678677e-01	8.678677e-01	8.678677e-01	1.073429e+00	8.085005e-01	6.536731e-01	8.085005e-01	8.085005e-01
0.134134	8.658657e-01	1.000000e+00	1.000000e+00	8.658657e-01	8.658657e-01	8.658657e-01	1.074669e+00	8.057046e-01	6.491599e-01	8.057046e-01	8.057046e-01
0.136136	8.638637e-01	1.000000e+00	1.000000e+00	8.638637e-01	8.638637e-01	8.638637e-01	1.075914e+00	8.029118e-01	6.446674e-01	8.029118e-01	8.029118e-01
0.138138	8.618617e-01	1.000000e+00	1.000000e+00	8.618617e-01	8.618617e-01	8.618617e-01	1.077162e+00	8.001223e-01	6.401957e-01	8.001223e-01	8.001223e-01
0.140140	8.598597e-01	1.000000e+00	1.000000e+00	8.598597e-01	8.598597e-01	8.598597e-01	1.078416e+00	7.973361e-01	6.357448e-01	7.973361e-01	7.973361e-01
0.142142	8.578577e-01	1.000000e+00	1.000000e+00	8.578577e-01	8.578577e-01	8.578577e-01	1.079673e+00	7.945530e-01	6.313145e-01	7.945530e-01	7.945530e-01
0.144144	8.558557e-01	1.000000e+00	1.000000e+00	8.558557e-01	8.558557e-01	8.558557e-01	1.080935e+00	7.917733e-01	6.269049e-01	7.917733e-01	7.917733e-01
0.146146	8.538537e-01	1.000000e+00	1.000000e+00	8.538537e-01	8.538537e-01	8.538537e-01	1.082202e+00	7.889967e-01	6.225158e-01	7.889967e-01	7.889967e-01
0.148148	8.518517e-01	1.000000e+00	1.000000e+00	8.518517e-01	8.518517e-01	8.518517e-01	1.083473e+00	7.862235e-01	6.181473e-01	7.862235e-01	7.862235e-01
0.150150	8.498497e-01	1.000000e+00	1.000000e+00	8.498497e-01	8.498497e-01	8.498497e-01	1.084748e+00	7.834534e-01	6.137993e-01	7.834534e-01	7.834534e-01
0.152152	8.478477e-01	1.000000e+00	1.000000e+00	8.478477e-01	8.478477e-01	8.478477e-01	1.086028e+00	7.806867e-01	6.094717e-01	7.806867e-01	7.806867e-01
0.154154	8.458457e-01	1.000000e+00	1.000000e+00	8.458457e-01	8.458457e-01	8.458457e-01	1.087313e+00	7.779232e-01	6.051645e-01	7.779232e-01	7.779232e-01
0.156156	8.438437e-01	1.000000e+00	1.000000e+00	8.438437e-01	8.438437e-01	8.438437e-01	1.088602e+00	7.751630e-01	6.008776e-01	7.751630e-01	7.751630e-01
0.158158	8.418417e-01	1.000000e+00	1.000000e+00	8.418417e-01	8.418417e-01	8.418417e-01	1.089895e+00	7.724060e-01	5.966110e-01	7.724060e-01	7.724060e-01
0.160160	8.398397e-01	1.000000e+00	1.000000e+00	8.398397e-01	8.398397e-01	8.398397e-01	1.091194e+00	7.696523e-01	5.923647e-01	7.696523e-01	7.696523e-01
0.162162	8.378377e-01	1.000000e+00	1.000000e+00	8.378377e-01	8.378377e-01	8.378377e-01	1.092497e+00	7.669019e-01	5.881386e-01	7.669019e-01	7.669019e-01
0.164164	8.358357e-01	1.000000e+00	1.000000e+00	8.358357e-01	8.358357e-01	8.358357e-01	1.093804e+00	7.641548e-01	5.839326e-01	7.641548e-01	7.641548e-01
0.166166	8.338337e-01	1.000000e+00	1.000000e+00	8.338337e-01	8.338337e-01	8.338337e-01	1.095116e+00	7.614110e-01	5.797467e-01	7.614110e-01	7.614110e-01
0.168168	8.318317e-01	1.000000e+00	1.000000e+00	8.318317e-01	8.318317e-01	8.318317e-01	1.096433e+00	7.586705e-01	5.755809e-01	7.586705e-01	7.586705e-01
0.170170	8.298297e-01	1.000000e+00	1.000000e+00	8.298297e-01	8.298297e-01	8.298297e-01	1.097755e+00	7.559332e-01	5.714350e-01	7.559332e-01	7.559332e-01
0.172172	8.278277e-01	1.000000e+00	1.000000e+00	8.278277e-01	8.278277e-01	8.278277e-01	1.099082e+00	7.531993e-01	5.673092e-01	7.531993e-01	7.531993e-01
0.174174	8.258257e-01	1.000000e+00	1.000000e+00	8.258257e-01	8.258257e-01	8.258257e-01	1.100413e+00	7.504686e-01	5.632032e-01	7.504686e-01	7.504686e-01
0.176176	8.238236e-01	1.000000e+00	1.000000e+00	8.238236e-01	8.238236e-01	8.238236e-01	1.101750e+00	7.477413e-01	5.591171e-01	7.477413e-01	7.477413e-01
0.178178	8.218216e-01	1.000000e+00	1.000000e+00	8.218216e-01	8.218216e-01	8.218216e-01	1.103091e+00	7.450173e-01	5.550508e-01	7.450173e-01	7.450173e-01
0.180180	8.198196e-01	1.000000e+00	1.000000e+00	8.198196e-01	8.198196e-01	8.198196e-01	1.104437e+00	7.422966e-01	5.510043e-01	7.422966e-01	7.422966e-01
0.182182	8.178176e-01	1.000000e+00	1.000000e+00	8.178176e-01	8.178176e-01	8.178176e-01	1.105788e+00	7.395792e-01	5.469774e-01	7.395792e-01	7.395792e-01
0.184184	8.158156e-01	1.000000e+00	1.000000e+00	8.158156e-01	8.158156e-01	8.158156e-01	1.107144e+00	7.368652e-01	5.429703e-01	7.368652e-01	7.368652e-01
0.186186	8.138136e-01	1.000000e+00	1.000000e+00	8.138136e-01	8.138136e-01	8.138136e-01	1.108505e+00	7.341545e-01	5.389828e-01	7.341545e-01	7.341545e-01
0.188188	8.118116e-01	1.000000e+00	1.000000e+00	8.118116e-01	8.118116e-01	8.118116e-01	1.109871e+00	7.314471e-01	5.350148e-01	7.314471e-01	7.314471e-01
0.190190	8.098096e-01	1.000000e+00	1.000000e+00	8.098096e-01	8.098096e-01	8.098096e-01	1.111242e+00	7.287430e-01	5.310664e-01	7.287430e-01	7.287430e-01
0.192192	8.078076e-01	1.000000e+00	1.000000e+00	8.078076e-01	8.078076e-01	8.078076e-01	1.112618e+00	7.260423e-01	5.271374e-01	7.260423e-01	7.260423e-01
0.194194	8.058056e-01	1.000000e+00	1.000000e+00	8.058056e-01	8.058056e-01	8.058056e-01	1.113999e+00	7.233449e-01	5.232279e-01	7.233449e-01	7.233449e-01
0.196196	8.038036e-01	1.000000e+00	1.000000e+00	8.038036e-01	8.038036e-01	8.038036e-01	1.115386e+00	7.206509e-01	5.193377e-01	7.206509e-01	7.206509e-01
0.198198	8.018016e-01	1.000000e+00	1.000000e+00	8.018016e-01	8.018016e-01	8.018016e-01	1.116777e+00	7.179602e-01	5.154669e-01	7.179602e-01	7.179602e-01
0.200200	7.997996e-01	1.000000e+00	1.000000e+00	7.997996e-01	7.997996e-01	7.997996e-01	1.118174e+00	7.152729e-01	5.116153e-01	7.152729e-01	7.152729e-01
0.202202	7.977976e-01	1.000000e+00	1.000000e+00	7.977976e-01	7.977976e-01	7.977976e-01	1.119576e+00	7.125890e-01	5.077830e-01	7.125890e-01	7.125890e-01
0.204204	7.957956e-01	1.000000e+00	1.000000e+00	7.957956e-01	7.957956e-01	7.957956e-01	1.120984e+00	7.099084e-01	5.039699e-01	7.099084e-01	7.099084e-01
0.206206	7.937936e-01	1.000000e+00	1.000000e+00	7.937936e-01	7.937936e-01	7.937936e-01	1.122396e+00	7.072311e-01	5.001759e-01	7.072311e-01	7.072311e-01
0.208208	7.917916e-01	1.000000e+00	1.000000e+00	7.917916e-01	7.917916e-01	7.917916e-01	1.123814e+00	7.045573e-01	4.964010e-01	7.045573e-01	7.045573e-01
0.210210	7.897896e-01	1.000000e+00	1.000000e+00	7.897896e-01	7.897896e-01	7.897896e-01	1.125238e+00	7.018868e-01	4.926451e-01	7.018868e-01	7.018868e-01
0.212212	7.877876e-01	1.000000e+00	1.000000e+00	7.877876e-01	7.877876e-01	7.877876e-01	1.126667e+00	6.992198e-01	4.889083e-01	6.992198e-01	6.992198e-01
0.214214	7.857856e-01	1.000000e+00	1.000000e+00	7.857856e-01	7.857856e-01	7.857856e-01	1.128101e+00	6.965561e-01	4.851903e-01	6.965561e-01	6.965561e-01
0.216216	7.837836e-01	1.000000e+00	1.000000e+00	7.837836e-01	7.837836e-01	7.837836e-01	1.129541e+00	6.938958e-01	4.814913e-01	6.938958e-01	6.938958e-01
0.218218	7.817816e-01	1.000000e+00	1.000000e+00	7.817816e-01	7.817816e-01	7.817816e-01	1.130986e+00	6.912388e-01	4.778111e-01	6.912388e-01	6.912388e-01
0.220220	7.797796e-01	1.000000e+00	1.000000e+00	7.797796e-01	7.797796e-01	7.797796e-01	1.132437e+00	6.885853e-01	4.741498e-01	6.885853e-01	6.885853e-01
0.222222	7.777776e-01	1.000000e+00	1.000000e+00	7.777776e-01	7.777776e-01	7.777776e-01	1.133894e+00	6.859352e-01	4.705071e-01	6.859352e-01	6.859352e-01
0.224224	7.757756e-01	1.000000e+00	1.000000e+00	7.757756e-01	7.757756e-01	7.757756e-01	1.135356e+00	6.832885e-01	4.668832e-01	6.832885e-01	6.832885e-01
0.226226	7.737735e-01	1.000000e+00	1.000000e+00	7.737735e-01	7.737735e-01	7.737735e-01	1.136824e+00	6.806452e-01	4.632780e-01	6.806452e-01	6.806452e-01
0.228228	7.717715e-01	1.000000e+00	1.000000e+00	7.717715e-01	7.717715e-01	7.717715e-01	1.138297e+00	6.780054e-01	4.596913e-01	6.780054e-01	6.780054e-01
0.230230	7.697695e-01	1.000000e+00	1.000000e+00	7.697695e-01	7.697695e-01	7.697695e-01	1.139776e+00	6.753689e-01	4.561232e-01	6.753689e-01	6.753689e-01
0.232232	7.677675e-01	1.000000e+00	1.000000e+00	7.677675e-01	7.677675e-01	7.677675e-01	1.141261e+00	6.727359e-01	4.525736e-01	6.727359e-01	6.727359e-01
0.234234	7.657655e-01	1.000000e+00	1.000000e+00	7.657655e-01	7.657655e-01	7.657655e-01	1.142752e+00	6.701063e-01	4.490425e-01	6.701063e-01	6.701063e-01
0.236236	7.637635e-01	1.000000e+00	1.000000e+00	7.637635e-01	7.637635e-01	7.637635e-01	1.144249e+00	6.674802e-01	4.455298e-01	6.674802e-01	6.674802e-01
0.238238	7.617615e-01	1.000000e+00	1.000000e+00	7.617615e-01	7.617615e-01	7.617615e-01	1.145752e+00	6.648575e-01	4.420354e-01	6.648575e-01	6.648575e-01
0.240240	7.597595e-01	1.000000e+00	1.000000e+00	7.597595e-01	7.597595e-01	7.597595e-01	1.147260e+00	6.622382e-01	4.385594e-01	6.622382e-01	6.622382e-01
0.242242	7.577575e-01	1.000000e+00	1.000000e+00	7.577575e-01	7.577575e-01	7.577575e-01	1.148775e+00	6.596224e-01	4.351017e-01	6.596224e-01	6.596224e-01
0.244244	7.557555e-01	1.000000e+00	1.000000e+00	7.557555e-01	7.557555e-01	7.557555e-01	1.150295e+00	6.570100e-01	4.316621e-01	6.570100e-01	6.570100e-01
0.246246	7.537535e-01	1.000000e+00	1.000000e+00	7.537535e-01	7.537535e-01	7.537535e-01	1.151822e+00	6.544011e-01	4.282408e-01	6.544011e-01	6.544011e-01
0.248248	7.517515e-01	1.000000e+00	1.000000e+00	7.517515e-01	7.517515e-01	7.517515e-01	1.153355e+00	6.517956e-01	4.248376e-01	6.517956e-01	6.517956e-01
0.250251	7.497495e-01	1.000000e+00	1.000000e+00	7.497495e-01	7.497495e-01	7.497495e-01	1.154893e+00	6.491937e-01	4.214524e-01	6.491937e-01	6.491937e-01
0.252253	7.477475e-01	1.000000e+00	1.000000e+00	7.477475e-01	7.477475e-01	7.477475e-01	1.156438e+00	6.465952e-01	4.180853e-01	6.465952e-01	6.465952e-01
0.254255	7.457455e-01	1.000000e+00	1.000000e+00	7.457455e-01	7.457455e-01	7.457455e-01	1.157990e+00	6.440001e-01	4.147362e-01	6.440001e-01	6.440001e-01
0.256257	7.437435e-01	1.000000e+00	1.000000e+00	7.437435e-01	7.437435e-01	7.437435e-01	1.159547e+00	6.414086e-01	4.114050e-01	6.414086e-01	6.414086e-01
0.258259	7.417415e-01	1.000000e+00	1.000000e+00	7.417415e-01	7.417415e-01	7.417415e-01	1.161111e+00	6.388205e-01	4.080916e-01	6.388205e-01	6.388205e-01
0.260261	7.397395e-01	1.000000e+00	1.000000e+00	7.397395e-01	7.397395e-01	7.397395e-01	1.162681e+00	6.362359e-01	4.047962e-01	6.362359e-01	6.362359e-01
0.262263	7.377375e-01	1.000000e+00	1.000000e+00	7.377375e-01	7.377375e-01	7.377375e-01	1.164258e+00	6.336549e-01	4.015185e-01	6.336549e-01	6.336549e-01
0.264265	7.357355e-01	1.000000e+00	1.000000e+00	7.357355e-01	7.357355e-01	7.357355e-01	1.165841e+00	6.310773e-01	3.982585e-01	6.310773e-01	6.310773e-01
0.266267	7.337335e-01	1.000000e+00	1.000000e+00	7.337335e-01	7.337335e-01	7.337335e-01	1.167430e+00	6.285032e-01	3.950163e-01	6.285032e-01	6.285032e-01
0.268269	7.317315e-01	1.000000e+00	1.000000e+00	7.317315e-01	7.317315e-01	7.317315e-01	1.169026e+00	6.259326e-01	3.917917e-01	6.259326e-01	6.259326e-01
0.270271	7.297295e-01	1.000000e+00	1.000000e+00	7.297295e-01	7.297295e-01	7.297295e-01	1.170628e+00	6.233656e-01	3.885846e-01	6.233656e-01	6.233656e-01
0.272273	7.277275e-01	1.000000e+00	1.000000e+00	7.277275e-01	7.277275e-01	7.277275e-01	1.172238e+00	6.208020e-01	3.853952e-01	6.208020e-01	6.208020e-01
0.274275	7.257255e-01	1.000000e+00	1.000000e+00	7.257255e-01	7.257255e-01	7.257255e-01	1.173853e+00	6.182420e-01	3.822232e-01	6.182420e-01	6.182420e-01
0.276277	7.237234e-01	1.000000e+00	1.000000e+00	7.237234e-01	7.237234e-01	7.237234e-01	1.175476e+00	6.156856e-01	3.790687e-01	6.156856e-01	6.156856e-01
0.278279	7.217214e-01	1.000000e+00	1.000000e+00	7.217214e-01	7.217214e-01	7.217214e-01	1.177105e+00	6.131326e-01	3.759316e-01	6.131326e-01	6.131326e-01
0.280281	7.197194e-01	1.000000e+00	1.000000e+00	7.197194e-01	7.197194e-01	7.197194e-01	1.178741e+00	6.105832e-01	3.728118e-01	6.105832e-01	6.105832e-01
0.282283	7.177174e-01	1.000000e+00	1.000000e+00	7.177174e-01	7.177174e-01	7.177174e-01	1.180384e+00	6.080373e-01	3.697094e-01	6.080373e-01	6.080373e-01
0.284285	7.157154e-01	1.000000e+00	1.000000e+00	7.157154e-01	7.157154e-01	7.157154e-01	1.182034e+00	6.054950e-01	3.666242e-01	6.054950e-01	6.054950e-01
0.286287	7.137134e-01	1.000000e+00	1.000000e+00	7.137134e-01	7.137134e-01	7.137134e-01	1.183690e+00	6.029562e-01	3.635562e-01	6.029562e-01	6.029562e-01
0.288289	7.117114e-01	1.000000e+00	1.000000e+00	7.117114e-01	7.117114e-01	7.117114e-01	1.185354e+00	6.004210e-01	3.605054e-01	6.004210e-01	6.004210e-01
0.290291	7.097094e-01	1.000000e+00	1.000000e+00	7.097094e-01	7.097094e-01	7.097094e-01	1.187025e+00	5.978894e-01	3.574717e-01	5.978894e-01	5.978894e-01
0.292293	7.077074e-01	1.000000e+00	1.000000e+00	7.077074e-01	7.077074e-01	7.077074e-01	1.188702e+00	5.953613e-01	3.544551e-01	5.953613e-01	5.953613e-01
0.294295	7.057054e-01	1.000000e+00	1.000000e+00	7.057054e-01	7.057054e-01	7.057054e-01	1.190387e+00	5.928368e-01	3.514555e-01	5.928368e-01	5.928368e-01
0.296297	7.037034e-01	1.000000e+00	1.000000e+00	7.037034e-01	7.037034e-01	7.037034e-01	1.192079e+00	5.903159e-01	3.484729e-01	5.903159e-01	5.903159e-01
0.298299	7.017014e-01	1.000000e+00	1.000000e+00	7.017014e-01	7.017014e-01	7.017014e-01	1.193779e+00	5.877986e-01	3.455071e-01	5.877986e-01	5.877986e-01
0.300301	6.996994e-01	1.000000e+00	1.000000e+00	6.996994e-01	6.996994e-01	6.996994e-01	1.195485e+00	5.852848e-01	3.425583e-01	5.852848e-01	5.852848e-01
0.302303	6.976974e-01	1.000000e+00	1.000000e+00	6.976974e-01	6.976974e-01	6.976974e-01	1.197199e+00	5.827746e-01	3.396263e-01	5.827746e-01	5.827746e-01
0.304305	6.956954e-01	1.000000e+00	1.000000e+00	6.956954e-01	6.956954e-01	6.956954e-01	1.198921e+00	5.802681e-01	3.367111e-01	5.802681e-01	5.802681e-01
0.306307	6.936934e-01	1.000000e+00	1.000000e+00	6.936934e-01	6.936934e-01	6.936934e-01	1.200649e+00	5.777651e-01	3.338126e-01	5.777651e-01	5.777651e-01
0.308309	6.916914e-01	1.000000e+00	1.000000e+00	6.916914e-01	6.916914e-01	6.916914e-01	1.202386e+00	5.752658e-01	3.309307e-01	5.752658e-01	5.752658e-01
0.310311	6.896894e-01	1.000000e+00	1.000000e+00	6.896894e-01	6.896894e-01	6.896894e-01	1.204130e+00	5.727701e-01	3.280655e-01	5.727701e-01	5.727701e-01
0.312313	6.876874e-01	1.000000e+00	1.000000e+00	6.876874e-01	6.876874e-01	6.876874e-01	1.205881e+00	5.702779e-01	3.252169e-01	5.702779e-01	5.702779e-01
0.314315	6.856854e-01	1.000000e+00	1.000000e+00	6.856854e-01	6.856854e-01	6.856854e-01	1.207640e+00	5.677895e-01	3.223849e-01	5.677895e-01	5.677895e-01
0.316317	6.836834e-01	1.000000e+00	1.000000e+00	6.836834e-01	6.836834e-01	6.836834e-01	1.209407e+00	5.653046e-01	3.195693e-01	5.653046e-01	5.653046e-01
0.318319	6.816814e-01	1.000000e+00	1.000000e+00	6.816814e-01	6.816814e-01	6.816814e-01	1.211182e+00	5.628234e-01	3.167702e-01	5.628234e-01	5.628234e-01
0.320321	6.796794e-01	1.000000e+00	1.000000e+00	6.796794e-01	6.796794e-01	6.796794e-01	1.212964e+00	5.603458e-01	3.139874e-01	5.603458e-01	5.603458e-01
0.322323	6.776774e-01	1.000000e+00	1.000000e+00	6.776774e-01	6.776774e-01	6.776774e-01	1.214754e+00	5.578719e-01	3.112210e-01	5.578719e-01	5.578719e-01
0.324325	6.756754e-01	1.000000e+00	1.000000e+00	6.756754e-01	6.756754e-01	6.756754e-01	1.216553e+00	5.554016e-01	3.084709e-01	5.554016e-01	5.554016e-01
0.326327	6.736733e-01	1.000000e+00	1.000000e+00	6.736733e-01	6.736733e-01	6.736733e-01	1.218359e+00	5.529350e-01	3.057371e-01	5.529350e-01	5.529350e-01
0.328329	6.716713e-01	1.000000e+00	1.000000e+00	6.716713e-01	6.716713e-01	6.716713e-01	1.220174e+00	5.504720e-01	3.030194e-01	5.504720e-01	5.504720e-01
0.330331	6.696693e-01	1.000000e+00	1.000000e+00	6.696693e-01	6.696693e-01	6.696693e-01	1.221996e+00	5.480127e-01	3.003179e-01	5.480127e-01	5.480127e-01
0.332333	6.676673e-01	1.000000e+00	1.000000e+00	6.676673e-01	6.676673e-01	6.676673e-01	1.223827e+00	5.455571e-01	2.976325e-01	5.455571e-01	5.455571e-01
0.334335	6.656653e-01	1.000000e+00	1.000000e+00	6.656653e-01	6.656653e-01	6.656653e-01	1.225666e+00	5.431051e-01	2.949632e-01	5.431051e-01	5.431051e-01
0.336337	6.636633e-01	1.000000e+00	1.000000e+00	6.636633e-01	6.636633e-01	6.636633e-01	1.227513e+00	5.406569e-01	2.923099e-01	5.406569e-01	5.406569e-01
0.338339	6.616613e-01	1.000000e+00	1.000000e+00	6.616613e-01	6.616613e-01	6.616613e-01	1.229369e+00	5.382123e-01	2.896725e-01	5.382123e-01	5.382123e-01
0.340341	6.596593e-01	1.000000e+00	1.000000e+00	6.596593e-01	6.596593e-01	6.596593e-01	1.231233e+00	5.357714e-01	2.870510e-01	5.357714e-01	5.357714e-01
0.342343	6.576573e-01	1.000000e+00	1.000000e+00	6.576573e-01	6.576573e-01	6.576573e-01	1.233105e+00	5.333343e-01	2.844454e-01	5.333343e-01	5.333343e-01
0.344345	6.556553e-01	1.000000e+00	1.000000e+00	6.556553e-01	6.556553e-01	6.556553e-01	1.234986e+00	5.309008e-01	2.818557e-01	5.309008e-01	5.309008e-01
0.346347	6.536533e-01	1.000000e+00	1.000000e+00	6.536533e-01	6.536533e-01	6.536533e-01	1.236876e+00	5.284710e-01	2.792816e-01	5.284710e-01	5.284710e-01
0.348349	6.516513e-01	1.000000e+00	1.000000e+00	6.516513e-01	6.516513e-01	6.516513e-01	1.238775e+00	5.260450e-01	2.767233e-01	5.260450e-01	5.260450e-01
0.350351	6.496493e-01	1.000000e+00	1.000000e+00	6.496493e-01	6.496493e-01	6.496493e-01	1.240682e+00	5.236227e-01	2.741807e-01	5.236227e-01	5.236227e-01
0.352353	6.476473e-01	1.000000e+00	1.000000e+00	6.476473e-01	6.476473e-01	6.476473e-01	1.242598e+00	5.212041e-01	2.716537e-01	5.212041e-01	5.212041e-01
0.354355	6.456453e-01	1.000000e+00	1.000000e+00	6.456453e-01	6.456453e-01	6.456453e-01	1.244523e+00	5.187893e-01	2.691423e-01	5.187893e-01	5.187893e-01
0.356357	6.436433e-01	1.000000e+00	1.000000e+00	6.436433e-01	6.436433e-01	6.436433e-01	1.246457e+00	5.163782e-01	2.666464e-01	5.163782e-01	5.163782e-01
0.358359	6.416413e-01	1.000000e+00	1.000000e+00	6.416413e-01	6.416413e-01	6.416413e-01	1.248400e+00	5.139708e-01	2.641660e-01	5.139708e-01	5.139708e-01
0.360361	6.396393e-01	1.000000e+00	1.000000e+00	6.396393e-01	6.396393e-01	6.396393e-01	1.250352e+00	5.115672e-01	2.617010e-01	5.115672e-01	5.115672e-01
0.362363	6.376373e-01	1.000000e+00	1.000000e+00	6.376373e-01	6.376373e-01	6.376373e-01	1.252314e+00	5.091673e-01	2.592514e-01	5.091673e-01	5.091673e-01
0.364365	6.356353e-01	1.000000e+00	1.000000e+00	6.356353e-01	6.356353e-01	6.356353e-01	1.254284e+00	5.067713e-01	2.568171e-01	5.067713e-01	5.067713e-01
0.366367	6.336333e-01	1.000000e+00	1.000000e+00	6.336333e-01	6.336333e-01	6.336333e-01	1.256264e+00	5.043790e-01	2.543981e-01	5.043790e-01	5.043790e-01
0.368369	6.316313e-01	1.000000e+00	1.000000e+00	6.316313e-01	6.316313e-01	6.316313e-01	1.258254e+00	5.019904e-01	2.519944e-01	5.019904e-01	5.019904e-01
0.370371	6.296293e-01	1.000000e+00	1.000000e+00	6.296293e-01	6.296293e-01	6.296293e-01	1.260252e+00	4.996057e-01	2.496058e-01	4.996057e-01	4.996057e-01
0.372373	6.276273e-01	1.000000e+00	1.000000e+00	6.276273e-01	6.276273e-01	6.276273e-01	1.262261e+00	4.972247e-01	2.472324e-01	4.972247e-01	4.972247e-01
0.374375	6.256253e-01	1.000000e+00	1.000000e+00	6.256253e-01	6.256253e-01	6.256253e-01	1.264279e+00	4.948475e-01	2.448741e-01	4.948475e-01	4.948475e-01
0.376377	6.236232e-01	1.000000e+00	1.000000e+00	6.236232e-01	6.236232e-01	6.236232e-01	1.266307e+00	4.924742e-01	2.425308e-01	4.924742e-01	4.924742e-01
0.378379	6.216212e-01	1.000000e+00	1.000000e+00	6.216212e-01	6.216212e-01	6.216212e-01	1.268344e+00	4.901046e-01	2.402025e-01	4.901046e-01	4.901046e-01
0.380381	6.196192e-01	1.000000e+00	1.000000e+00	6.196192e-01	6.196192e-01	6.196192e-01	1.270391e+00	4.877388e-01	2.378892e-01	4.877388e-01	4.877388e-01
0.382383	6.176172e-01	1.000000e+00	1.000000e+00	6.176172e-01	6.176172e-01	6.176172e-01	1.272449e+00	4.853769e-01	2.355907e-01	4.853769e-01	4.853769e-01
0.384385	6.156152e-01	1.000000e+00	1.000000e+00	6.156152e-01	6.156152e-01	6.156152e-01	1.274516e+00	4.830188e-01	2.333072e-01	4.830188e-01	4.830188e-01
0.386387	6.136132e-01	1.000000e+00	1.000000e+00	6.136132e-01	6.136132e-01	6.136132e-01	1.276594e+00	4.806645e-01	2.310384e-01	4.806645e-01	4.806645e-01
0.388389	6.116112e-01	1.000000e+00	1.000000e+00	6.116112e-01	6.116112e-01	6.116112e-01	1.278681e+00	4.783141e-01	2.287844e-01	4.783141e-01	4.783141e-01
0.390391	6.096092e-01	1.000000e+00	1.000000e+00	6.096092e-01	6.096092e-01	6.096092e-01	1.280779e+00	4.759675e-01	2.265450e-01	4.759675e-01	4.759675e-01
0.392393	6.076072e-01	1.000000e+00	1.000000e+00	6.076072e-01	6.076072e-01	6.076072e-01	1.282887e+00	4.736247e-01	2.243204e-01	4.736247e-01	4.736247e-01
0.394395	6.056052e-01	1.000000e+00	1.000000e+00	6.056052e-01	6.056052e-01	6.056052e-01	1.285006e+00	4.712859e-01	2.221104e-01	4.712859e-01	4.712859e-01
0.396397	6.036032e-01	1.000000e+00	1.000000e+00	6.036032e-01	6.036032e-01	6.036032e-01	1.287135e+00	4.689508e-01	2.199149e-01	4.689508e-01	4.689508e-01
0.398399	6.016012e-01	1.000000e+00	1.000000e+00	6.016012e-01	6.016012e-01	6.016012e-01	1.289275e+00	4.666197e-01	2.177339e-01	4.666197e-01	4.666197e-01
0.400401	5.995992e-01	1.000000e+00	1.000000e+00	5.995992e-01	5.995992e-01	5.995992e-01	1.291426e+00	4.642924e-01	2.155674e-01	4.642924e-01	4.642924e-01
0.402403	5.975972e-01	1.000000e+00	1.000000e+00	5.975972e-01	5.975972e-01	5.975972e-01	1.293587e+00	4.619690e-01	2.134153e-01	4.619690e-01	4.619690e-01
0.404405	5.955952e-01	1.000000e+00	1.000000e+00	5.955952e-01	5.955952e-01	5.955952e-01	1.295760e+00	4.596495e-01	2.112776e-01	4.596495e-01	4.596495e-01
0.406407	5.935932e-01	1.000000e+00	1.000000e+00	5.935932e-01	5.935932e-01	5.935932e-01	1.297943e+00	4.573339e-01	2.091543e-01	4.573339e-01	4.573339e-01
0.408409	5.915912e-01	1.000000e+00	1.000000e+00	5.915912e-01	5.915912e-01	5.915912e-01	1.300137e+00	4.550222e-01	2.070452e-01	4.550222e-01	4.550222e-01
0.410411	5.895892e-01	1.000000e+00	1.000000e+00	5.895892e-01	5.895892e-01	5.895892e-01	1.302343e+00	4.527143e-01	2.049503e-01	4.527143e-01	4.527143e-01
0.412413	5.875872e-01	1.000000e+00	1.000000e+00	5.875872e-01	5.875872e-01	5.875872e-01	1.304559e+00	4.504105e-01	2.028696e-01	4.504105e-01	4.504105e-01
0.414415	5.855852e-01	1.000000e+00	1.000000e+00	5.855852e-01	5.855852e-01	5.855852e-01	1.306787e+00	4.481105e-01	2.008030e-01	4.481105e-01	4.481105e-01
0.416417	5.835832e-01	1.000000e+00	1.000000e+00	5.835832e-01	5.835832e-01	5.835832e-01	1.309027e+00	4.458144e-01	1.987505e-01	4.458144e-01	4.458144e-01
0.418419	5.815812e-01	1.000000e+00	1.000000e+00	5.815812e-01	5.815812e-01	5.815812e-01	1.311278e+00	4.435223e-01	1.967121e-01	4.435223e-01	4.435223e-01
0.420421	5.795792e-01	1.000000e+00	1.000000e+00	5.795792e-01	5.795792e-01	5.795792e-01	1.313541e+00	4.412342e-01	1.946876e-01	4.412342e-01	4.412342e-01
0.422423	5.775772e-01	1.000000e+00	1.000000e+00	5.775772e-01	5.775772e-01	5.775772e-01	1.315815e+00	4.389500e-01	1.926771e-01	4.389500e-01	4.389500e-01
0.424425	5.755752e-01	1.000000e+00	1.000000e+00	5.755752e-01	5.755752e-01	5.755752e-01	1.318102e+00	4.366697e-01	1.906804e-01	4.366697e-01	4.366697e-01
0.426427	5.735731e-01	1.000000e+00	1.000000e+00	5.735731e-01	5.735731e-01	5.735731e-01	1.320400e+00	4.343934e-01	1.886976e-01	4.343934e-01	4.343934e-01
0.428429	5.715711e-01	1.000000e+00	1.000000e+00	5.715711e-01	5.715711e-01	5.715711e-01	1.322711e+00	4.321211e-01	1.867286e-01	4.321211e-01	4.321211e-01
0.430431	5.695691e-01	1.000000e+00	1.000000e+00	5.695691e-01	5.695691e-01	5.695691e-01	1.325033e+00	4.298527e-01	1.847734e-01	4.298527e-01	4.298527e-01
0.432433	5.675671e-01	1.000000e+00	1.000000e+00	5.675671e-01	5.675671e-01	5.675671e-01	1.327368e+00	4.275883e-01	1.828318e-01	4.275883e-01	4.275883e-01
0.434435	5.655651e-01	1.000000e+00	1.000000e+00	5.655651e-01	5.655651e-01	5.655651e-01	1.329715e+00	4.253280e-01	1.809039e-01	4.253280e-01	4.253280e-01
0.436437	5.635631e-01	1.000000e+00	1.000000e+00	5.635631e-01	5.635631e-01	5.635631e-01	1.332075e+00	4.230716e-01	1.789896e-01	4.230716e-01	4.230716e-01
0.438439	5.615611e-01	1.000000e+00	1.000000e+00	5.615611e-01	5.615611e-01	5.615611e-01	1.334447e+00	4.208192e-01	1.770888e-01	4.208192e-01	4.208192e-01
0.440441	5.595591e-01	1.000000e+00	1.000000e+00	5.595591e-01	5.595591e-01	5.595591e-01	1.336833e+00	4.185708e-01	1.752015e-01	4.185708e-01	4.185708e-01
0.442443	5.575571e-01	1.000000e+00	1.000000e+00	5.575571e-01	5.575571e-01	5.575571e-01	1.339230e+00	4.163265e-01	1.733277e-01	4.163265e-01	4.163265e-01
0.444445	5.555551e-01	1.000000e+00	1.000000e+00	5.555551e-01	5.555551e-01	5.555551e-01	1.341641e+00	4.140862e-01	1.714674e-01	4.140862e-01	4.140862e-01
0.446447	5.535531e-01	1.000000e+00	1.000000e+00	5.535531e-01	5.535531e-01	5.535531e-01	1.344065e+00	4.118499e-01	1.696203e-01	4.118499e-01	4.118499e-01
0.448449	5.515511e-01	1.000000e+00	1.000000e+00	5.515511e-01	5.515511e-01	5.515511e-01	1.346502e+00	4.096176e-01	1.677866e-01	4.096176e-01	4.096176e-01
0.450451	5.495491e-01	1.000000e+00	1.000000e+00	5.495491e-01	5.495491e-01	5.495491e-01	1.348953e+00	4.073894e-01	1.659661e-01	4.073894e-01	4.073894e-01
0.452453	5.475471e-01	1.000000e+00	1.000000e+00	5.475471e-01	5.475471e-01	5.475471e-01	1.351417e+00	4.051653e-01	1.641589e-01	4.051653e-01	4.051653e-01
0.454455	5.455451e-01	1.000000e+00	1.000000e+00	5.455451e-01	5.455451e-01	5.455451e-01	1.353894e+00	4.029452e-01	1.623648e-01	4.029452e-01	4.029452e-01
0.456457	5.435431e-01	1.000000e+00	1.000000e+00	5.435431e-01	5.435431e-01	5.435431e-01	1.356385e+00	4.007292e-01	1.605839e-01	4.007292e-01	4.007292e-01
0.458459	5.415411e-01	1.000000e+00	1.000000e+00	5.415411e-01	5.415411e-01	5.415411e-01	1.358890e+00	3.985172e-01	1.588160e-01	3.985172e-01	3.985172e-01
0.460461	5.395391e-01	1.000000e+00	1.000000e+00	5.395391e-01	5.395391e-01	5.395391e-01	1.361409e+00	3.963094e-01	1.570611e-01	3.963094e-01	3.963094e-01
0.462463	5.375371e-01	1.000000e+00	1.000000e+00	5.375371e-01	5.375371e-01	5.375371e-01	1.363942e+00	3.941056e-01	1.553192e-01	3.941056e-01	3.941056e-01
0.464465	5.355351e-01	1.000000e+00	1.000000e+00	5.355351e-01	5.355351e-01	5.355351e-01	1.366489e+00	3.919060e-01	1.535903e-01	3.919060e-01	3.919060e-01
0.466467	5.335331e-01	1.000000e+00	1.000000e+00	5.335331e-01	5.335331e-01	5.335331e-01	1.369050e+00	3.897104e-01	1.518742e-01	3.897104e-01	3.897104e-01
0.468469	5.315311e-01	1.000000e+00	1.000000e+00	5.315311e-01	5.315311e-01	5.315311e-01	1.371626e+00	3.875190e-01	1.501710e-01	3.875190e-01	3.875190e-01
0.470471	5.295291e-01	1.000000e+00	1.000000e+00	5.295291e-01	5.295291e-01	5.295291e-01	1.374216e+00	3.853317e-01	1.484805e-01	3.853317e-01	3.853317e-01
0.472473	5.275271e-01	1.000000e+00	1.000000e+00	5.275271e-01	5.275271e-01	5.275271e-01	1.376821e+00	3.831485e-01	1.468028e-01	3.831485e-01	3.831485e-01
0.474475	5.255251e-01	1.000000e+00	1.000000e+00	5.255251e-01	5.255251e-01	5.255251e-01	1.379442e+00	3.809694e-01	1.451377e-01	3.809694e-01	3.809694e-01
0.476477	5.235230e-01	1.000000e+00	1.000000e+00	5.235230e-01	5.235230e-01	5.235230e-01	1.382077e+00	3.787945e-01	1.434853e-01	3.787945e-01	3.787945e-01
0.478479	5.215210e-01	1.000000e+00	1.000000e+00	5.215210e-01	5.215210e-01	5.215210e-01	1.384727e+00	3.766238e-01	1.418455e-01	3.766238e-01	3.766238e-01
0.480481	5.195190e-01	1.000000e+00	1.000000e+00	5.195190e-01	5.195190e-01	5.195190e-01	1.387392e+00	3.744572e-01	1.402182e-01	3.744572e-01	3.744572e-01
0.482483	5.175170e-01	1.000000e+00	1.000000e+00	5.175170e-01	5.175170e-01	5.175170e-01	1.390073e+00	3.722948e-01	1.386034e-01	3.722948e-01	3.722948e-01
0.484485	5.155150e-01	1.000000e+00	1.000000e+00	5.155150e-01	5.155150e-01	5.155150e-01	1.392770e+00	3.701366e-01	1.370011e-01	3.701366e-01	3.701366e-01
0.486487	5.135130e-01	1.000000e+00	1.000000e+00	5.135130e-01	5.135130e-01	5.135130e-01	1.395482e+00	3.679825e-01	1.354111e-01	3.679825e-01	3.679825e-01
0.488489	5.115110e-01	1.000000e+00	1.000000e+00	5.115110e-01	5.115110e-01	5.115110e-01	1.398210e+00	3.658327e-01	1.338335e-01	3.658327e-01	3.658327e-01
0.490491	5.095090e-01	1.000000e+00	1.000000e+00	5.095090e-01	5.095090e-01	5.095090e-01	1.400955e+00	3.636870e-01	1.322683e-01	3.636870e-01	3.636870e-01
0.492493	5.075070e-01	1.000000e+00	1.000000e+00	5.075070e-01	5.075070e-01	5.075070e-01	1.403715e+00	3.615456e-01	1.307152e-01	3.615456e-01	3.615456e-01
0.494495	5.055050e-01	1.000000e+00	1.000000e+00	5.055050e-01	5.055050e-01	5.055050e-01	1.406492e+00	3.594084e-01	1.291744e-01	3.594084e-01	3.594084e-01
0.496497	5.035030e-01	1.000000e+00	1.000000e+00	5.035030e-01	5.035030e-01	5.035030e-01	1.409285e+00	3.572754e-01	1.276457e-01	3.572754e-01	3.572754e-01
0.498499	5.015010e-01	1.000000e+00	1.000000e+00	5.015010e-01	5.015010e-01	5.015010e-01	1.412096e+00	3.551466e-01	1.261291e-01	3.551466e-01	3.551466e-01
0.500501	4.994990e-01	1.000000e+00	1.000000e+00	4.994990e-01	4.994990e-01	4.994990e-01	1.414923e+00	3.530221e-01	1.246246e-01	3.530221e-01	3.530221e-01
0.502503	4.974970e-01	1.000000e+00	1.000000e+00	4.974970e-01	4.974970e-01	4.974970e-01	1.417767e+00	3.509019e-01	1.231321e-01	3.509019e-01	3.509019e-01
0.504505	4.954950e-01	1.000000e+00	1.000000e+00	4.954950e-01	4.954950e-01	4.954950e-01	1.420628e+00	3.487859e-01	1.216516e-01	3.487859e-01	3.487859e-01
0.506507	4.934930e-01	1.000000e+00	1.000000e+00	4.934930e-01	4.934930e-01	4.934930e-01	1.423507e+00	3.466742e-01	1.201830e-01	3.466742e-01	3.466742e-01
0.508509	4.914910e-01	1.000000e+00	1.000000e+00	4.914910e-01	4.914910e-01	4.914910e-01	1.426403e+00	3.445667e-01	1.187262e-01	3.445667e-01	3.445667e-01
0.510511	4.894890e-01	1.000000e+00	1.000000e+00	4.894890e-01	4.894890e-01	4.894890e-01	1.429317e+00	3.424636e-01	1.172813e-01	3.424636e-01	3.424636e-01
0.512513	4.874870e-01	1.000000e+00	1.000000e+00	4.874870e-01	4.874870e-01	4.874870e-01	1.432249e+00	3.403647e-01	1.158481e-01	3.403647e-01	3.403647e-01
0.514515	4.854850e-01	1.000000e+00	1.000000e+00	4.854850e-01	4.854850e-01	4.854850e-01	1.435199e+00	3.382702e-01	1.144267e-01	3.382702e-01	3.382702e-01
0.516517	4.834830e-01	1.000000e+00	1.000000e+00	4.834830e-01	4.834830e-01	4.834830e-01	1.438167e+00	3.361799e-01	1.130169e-01	3.361799e-01	3.361799e-01
0.518519	4.814810e-01	1.000000e+00	1.000000e+00	4.814810e-01	4.814810e-01	4.814810e-01	1.441154e+00	3.340940e-01	1.116188e-01	3.340940e-01	3.340940e-01
0.520521	4.794790e-01	1.000000e+00	1.000000e+00	4.794790e-01	4.794790e-01	4.794790e-01	1.444160e+00	3.320124e-01	1.102322e-01	3.320124e-01	3.320124e-01
0.522523	4.774770e-01	1.000000e+00	1.000000e+00	4.774770e-01	4.774770e-01	4.774770e-01	1.447184e+00	3.299352e-01	1.088572e-01	3.299352e-01	3.299352e-01
0.524525	4.754749e-01	1.000000e+00	1.000000e+00	4.754749e-01	4.754749e-01	4.754749e-01	1.450228e+00	3.278623e-01	1.074937e-01	3.278623e-01	3.278623e-01
0.526527	4.734729e-01	1.000000e+00	1.000000e+00	4.734729e-01	4.734729e-01	4.734729e-01	1.453290e+00	3.257938e-01	1.061416e-01	3.257938e-01	3.257938e-01
0.528529	4.714709e-01	1.000000e+00	1.000000e+00	4.714709e-01	4.714709e-01	4.714709e-01	1.456373e+00	3.237296e-01	1.048008e-01	3.237296e-01	3.237296e-01
0.530531	4.694689e-01	1.000000e+00	1.000000e+00	4.694689e-01	4.694689e-01	4.694689e-01	1.459475e+00	3.216698e-01	1.034715e-01	3.216698e-01	3.216698e-01
0.532533	4.674669e-01	1.000000e+00	1.000000e+00	4.674669e-01	4.674669e-01	4.674669e-01	1.462597e+00	3.196144e-01	1.021534e-01	3.196144e-01	3.196144e-01
0.534535	4.654649e-01	1.000000e+00	1.000000e+00	4.654649e-01	4.654649e-01	4.654649e-01	1.465739e+00	3.175634e-01	1.008465e-01	3.175634e-01	3.175634e-01
0.536537	4.634629e-01	1.000000e+00	1.000000e+00	4.634629e-01	4.634629e-01	4.634629e-01	1.468901e+00	3.155168e-01	9.955086e-02	3.155168e-01	3.155168e-01
0.538539	4.614609e-01	1.000000e+00	1.000000e+00	4.614609e-01	4.614609e-01	4.614609e-01	1.472084e+00	3.134746e-01	9.826634e-02	3.134746e-01	3.134746e-01
0.540541	4.594589e-01	1.000000e+00	1.000000e+00	4.594589e-01	4.594589e-01	4.594589e-01	1.475287e+00	3.114369e-01	9.699292e-02	3.114369e-01	3.114369e-01
0.542543	4.574569e-01	1.000000e+00	1.000000e+00	4.574569e-01	4.574569e-01	4.574569e-01	1.478512e+00	3.094036e-01	9.573056e-02	3.094036e-01	3.094036e-01
0.544545	4.554549e-01	1.000000e+00	1.000000e+00	4.554549e-01	4.554549e-01	4.554549e-01	1.481758e+00	3.073747e-01	9.447919e-02	3.073747e-01	3.073747e-01
0.546547	4.534529e-01	1.000000e+00	1.000000e+00	4.534529e-01	4.534529e-01	4.534529e-01	1.485025e+00	3.053503e-01	9.323878e-02	3.053503e-01	3.053503e-01
0.548549	4.514509e-01	1.000000e+00	1.000000e+00	4.514509e-01	4.514509e-01	4.514509e-01	1.488315e+00	3.033303e-01	9.200927e-02	3.033303e-01	3.033303e-01
0.550551	4.494489e-01	1.000000e+00	1.000000e+00	4.494489e-01	4.494489e-01	4.494489e-01	1.491626e+00	3.013148e-01	9.079062e-02	3.013148e-01	3.013148e-01
0.552553	4.474469e-01	1.000000e+00	1.000000e+00	4.474469e-01	4.474469e-01	4.474469e-01	1.494959e+00	2.993038e-01	8.958277e-02	2.993038e-01	2.993038e-01
0.554555	4.454449e-01	1.000000e+00	1.000000e+00	4.454449e-01	4.454449e-01	4.454449e-01	1.498315e+00	2.972973e-01	8.838569e-02	2.972973e-01	2.972973e-01
0.556557	4.434429e-01	1.000000e+00	1.000000e+00	4.434429e-01	4.434429e-01	4.434429e-01	1.501693e+00	2.952953e-01	8.719932e-02	2.952953e-01	2.952953e-01
0.558559	4.414409e-01	1.000000e+00	1.000000e+00	4.414409e-01	4.414409e-01	4.414409e-01	1.505094e+00	2.932978e-01	8.602361e-02	2.932978e-01	2.932978e-01
0.560561	4.394389e-01	1.000000e+00	1.000000e+00	4.394389e-01	4.394389e-01	4.394389e-01	1.508519e+00	2.913049e-01	8.485852e-02	2.913049e-01	2.913049e-01
0.562563	4.374369e-01	1.000000e+00	1.000000e+00	4.374369e-01	4.374369e-01	4.374369e-01	1.511967e+00	2.893164e-01	8.370399e-02	2.893164e-01	2.893164e-01
0.564565	4.354349e-01	1.000000e+00	1.000000e+00	4.354349e-01	4.354349e-01	4.354349e-01	1.515439e+00	2.873325e-01	8.255999e-02	2.873325e-01	2.873325e-01
0.566567	4.334329e-01	1.000000e+00	1.000000e+00	4.334329e-01	4.334329e-01	4.334329e-01	1.518935e+00	2.853532e-01	8.142645e-02	2.853532e-01	2.853532e-01
0.568569	4.314309e-01	1.000000e+00	1.000000e+00	4.314309e-01	4.314309e-01	4.314309e-01	1.522455e+00	2.833784e-01	8.030334e-02	2.833784e-01	2.833784e-01
0.570571	4.294289e-01	1.000000e+00	1.000000e+00	4.294289e-01	4.294289e-01	4.294289e-01	1.525999e+00	2.814083e-01	7.919061e-02	2.814083e-01	2.814083e-01
0.572573	4.274269e-01	1.000000e+00	1.000000e+00	4.274269e-01	4.274269e-01	4.274269e-01	1.529569e+00	2.794427e-01	7.808820e-02	2.794427e-01	2.794427e-01
0.574575	4.254248e-01	1.000000e+00	1.000000e+00	4.254248e-01	4.254248e-01	4.254248e-01	1.533164e+00	2.774817e-01	7.699607e-02	2.774817e-01	2.774817e-01
0.576577	4.234228e-01	1.000000e+00	1.000000e+00	4.234228e-01	4.234228e-01	4.234228e-01	1.536784e+00	2.755253e-01	7.591417e-02	2.755253e-01	2.755253e-01
0.578579	4.214208e-01	1.000000e+00	1.000000e+00	4.214208e-01	4.214208e-01	4.214208e-01	1.540430e+00	2.735735e-01	7.484246e-02	2.735735e-01	2.735735e-01
0.580581	4.194188e-01	1.000000e+00	1.000000e+00	4.194188e-01	4.194188e-01	4.194188e-01	1.544102e+00	2.716264e-01	7.378087e-02	2.716264e-01	2.716264e-01
0.582583	4.174168e-01	1.000000e+00	1.000000e+00	4.174168e-01	4.174168e-01	4.174168e-01	1.547801e+00	2.696838e-01	7.272938e-02	2.696838e-01	2.696838e-01
0.584585	4.154148e-01	1.000000e+00	1.000000e+00	4.154148e-01	4.154148e-01	4.154148e-01	1.551526e+00	2.677460e-01	7.168792e-02	2.677460e-01	2.677460e-01
0.586587	4.134128e-01	1.000000e+00	1.000000e+00	4.134128e-01	4.134128e-01	4.134128e-01	1.555278e+00	2.658128e-01	7.065645e-02	2.658128e-01	2.658128e-01
0.588589	4.114108e-01	1.000000e+00	1.000000e+00	4.114108e-01	4.114108e-01	4.114108e-01	1.559058e+00	2.638843e-01	6.963493e-02	2.638843e-01	2.638843e-01
0.590591	4.094088e-01	1.000000e+00	1.000000e+00	4.094088e-01	4.094088e-01	4.094088e-01	1.562865e+00	2.619605e-01	6.862330e-02	2.619605e-01	2.619605e-01
0.592593	4.074068e-01	1.000000e+00	1.000000e+00	4.074068e-01	4.074068e-01	4.074068e-01	1.566700e+00	2.600414e-01	6.762151e-02	2.600414e-01	2.600414e-01
0.594595	4.054048e-01	1.000000e+00	1.000000e+00	4.054048e-01	4.054048e-01	4.054048e-01	1.570564e+00	2.581269e-01	6.662952e-02	2.581269e-01	2.581269e-01
0.596597	4.034028e-01	1.000000e+00	1.000000e+00	4.034028e-01	4.034028e-01	4.034028e-01	1.574456e+00	2.562173e-01	6.564728e-02	2.562173e-01	2.562173e-01
0.598599	4.014008e-01	1.000000e+00	1.000000e+00	4.014008e-01	4.014008e-01	4.014008e-01	1.578378e+00	2.543123e-01	6.467474e-02	2.543123e-01	2.543123e-01
0.600601	3.993988e-01	1.000000e+00	1.000000e+00	3.993988e-01	3.993988e-01	3.993988e-01	1.582328e+00	2.524121e-01	6.371186e-02	2.524121e-01	2.524121e-01
0.602603	3.973968e-01	1.000000e+00	1.000000e+00	3.973968e-01	3.973968e-01	3.973968e-01	1.586309e+00	2.505166e-01	6.275858e-02	2.505166e-01	2.505166e-01
0.604605	3.953948e-01	1.000000e+00	1.000000e+00	3.953948e-01	3.953948e-01	3.953948e-01	1.590320e+00	2.486259e-01	6.181485e-02	2.486259e-01	2.486259e-01
0.606607	3.933928e-01	1.000000e+00	1.000000e+00	3.933928e-01	3.933928e-01	3.933928e-01	1.594362e+00	2.467400e-01	6.088063e-02	2.467400e-01	2.467400e-01
0.608609	3.913908e-01	1.000000e+00	1.000000e+00	3.913908e-01	3.913908e-01	3.913908e-01	1.598434e+00	2.448589e-01	5.995588e-02	2.448589e-01	2.448589e-01
0.610611	3.893888e-01	1.000000e+00	1.000000e+00	3.893888e-01	3.893888e-01	3.893888e-01	1.602538e+00	2.429826e-01	5.904054e-02	2.429826e-01	2.429826e-01
0.612613	3.873868e-01	1.000000e+00	1.000000e+00	3.873868e-01	3.873868e-01	3.873868e-01	1.606673e+00	2.411111e-01	5.813456e-02	2.411111e-01	2.411111e-01
0.614615	3.853848e-01	1.000000e+00	1.000000e+00	3.853848e-01	3.853848e-01	3.853848e-01	1.610841e+00	2.392444e-01	5.723789e-02	2.392444e-01	2.392444e-01
0.616617	3.833828e-01	1.000000e+00	1.000000e+00	3.833828e-01	3.833828e-01	3.833828e-01	1.615042e+00	2.373826e-01	5.635050e-02	2.373826e-01	2.373826e-01
0.618619	3.813808e-01	1.000000e+00	1.000000e+00	3.813808e-01	3.813808e-01	3.813808e-01	1.619275e+00	2.355256e-01	5.547232e-02	2.355256e-01	2.355256e-01
0.620621	3.793788e-01	1.000000e+00	1.000000e+00	3.793788e-01	3.793788e-01	3.793788e-01	1.623542e+00	2.336735e-01	5.460332e-02	2.336735e-01	2.336735e-01
0.622623	3.773768e-01	1.000000e+00	1.000000e+00	3.773768e-01	3.773768e-01	3.773768e-01	1.627843e+00	2.318263e-01	5.374344e-02	2.318263e-01	2.318263e-01
0.624625	3.753747e-01	1.000000e+00	1.000000e+00	3.753747e-01	3.753747e-01	3.753747e-01	1.632178e+00	2.299840e-01	5.289263e-02	2.299840e-01	2.299840e-01
0.626627	3.733727e-01	1.000000e+00	1.000000e+00	3.733727e-01	3.733727e-01	3.733727e-01	1.636548e+00	2.281466e-01	5.205085e-02	2.281466e-01	2.281466e-01
0.628629	3.713707e-01	1.000000e+00	1.000000e+00	3.713707e-01	3.713707e-01	3.713707e-01	1.640953e+00	2.263141e-01	5.121805e-02	2.263141e-01	2.263141e-01
0.630631	3.693687e-01	1.000000e+00	1.000000e+00	3.693687e-01	3.693687e-01	3.693687e-01	1.645394e+00	2.244865e-01	5.039418e-02	2.244865e-01	2.244865e-01
0.632633	3.673667e-01	1.000000e+00	1.000000e+00	3.673667e-01	3.673667e-01	3.673667e-01	1.649871e+00	2.226639e-01	4.957920e-02	2.226639e-01	2.226639e-01
0.634635	3.653647e-01	1.000000e+00	1.000000e+00	3.653647e-01	3.653647e-01	3.653647e-01	1.654385e+00	2.208462e-01	4.877304e-02	2.208462e-01	2.208462e-01
0.636637	3.633627e-01	1.000000e+00	1.000000e+00	3.633627e-01	3.633627e-01	3.633627e-01	1.658937e+00	2.190335e-01	4.797568e-02	2.190335e-01	2.190335e-01
0.638639	3.613607e-01	1.000000e+00	1.000000e+00	3.613607e-01	3.613607e-01	3.613607e-01	1.663526e+00	2.172258e-01	4.718705e-02	2.172258e-01	2.172258e-01
0.640641	3.593587e-01	1.000000e+00	1.000000e+00	3.593587e-01	3.593587e-01	3.593587e-01	1.668153e+00	2.154231e-01	4.640711e-02	2.154231e-01	2.154231e-01
0.642643	3.573567e-01	1.000000e+00	1.000000e+00	3.573567e-01	3.573567e-01	3.573567e-01	1.672819e+00	2.136254e-01	4.563582e-02	2.136254e-01	2.136254e-01
0.644645	3.553547e-01	1.000000e+00	1.000000e+00	3.553547e-01	3.553547e-01	3.553547e-01	1.677525e+00	2.118328e-01	4.487312e-02	2.118328e-01	2.118328e-01
0.646647	3.533527e-01	1.000000e+00	1.000000e+00	3.533527e-01	3.533527e-01	3.533527e-01	1.682270e+00	2.100451e-01	4.411896e-02	2.100451e-01	2.100451e-01
0.648649	3.513507e-01	1.000000e+00	1.000000e+00	3.513507e-01	3.513507e-01	3.513507e-01	1.687056e+00	2.082626e-01	4.337330e-02	2.082626e-01	2.082626e-01
0.650651	3.493487e-01	1.000000e+00	1.000000e+00	3.493487e-01	3.493487e-01	3.493487e-01	1.691883e+00	2.064851e-01	4.263609e-02	2.064851e-01	2.064851e-01
0.652653	3.473467e-01	1.000000e+00	1.000000e+00	3.473467e-01	3.473467e-01	3.473467e-01	1.696752e+00	2.047127e-01	4.190728e-02	2.047127e-01	2.047127e-01
0.654655	3.453447e-01	1.000000e+00	1.000000e+00	3.453447e-01	3.453447e-01	3.453447e-01	1.701663e+00	2.029454e-01	4.118683e-02	2.029454e-01	2.029454e-01
0.656657	3.433427e-01	1.000000e+00	1.000000e+00	3.433427e-01	3.433427e-01	3.433427e-01	1.706617e+00	2.011832e-01	4.047468e-02	2.011832e-01	2.011832e-01
0.658659	3.413407e-01	1.000000e+00	1.000000e+00	3.413407e-01	3.413407e-01	3.413407e-01	1.711615e+00	1.994261e-01	3.977078e-02	1.994261e-01	1.994261e-01
0.660661	3.393387e-01	1.000000e+00	1.000000e+00	3.393387e-01	3.393387e-01	3.393387e-01	1.716656e+00	1.976742e-01	3.907510e-02	1.976742e-01	1.976742e-01
0.662663	3.373367e-01	1.000000e+00	1.000000e+00	3.373367e-01	3.373367e-01	3.373367e-01	1.721743e+00	1.959275e-01	3.838757e-02	1.959275e-01	1.959275e-01
0.664665	3.353347e-01	1.000000e+00	1.000000e+00	3.353347e-01	3.353347e-01	3.353347e-01	1.726874e+00	1.941859e-01	3.770816e-02	1.941859e-01	1.941859e-01
0.666667	3.333327e-01	1.000000e+00	1.000000e+00	3.333327e-01	3.333327e-01	3.333327e-01	1.732053e+00	1.924495e-01	3.703681e-02	1.924495e-01	1.924495e-01
0.668669	3.313307e-01	1.000000e+00	1.000000e+00	3.313307e-01	3.313307e-01	3.313307e-01	1.737277e+00	1.907183e-01	3.637348e-02	1.907183e-01	1.907183e-01
0.670671	3.293287e-01	1.000000e+00	1.000000e+00	3.293287e-01	3.293287e-01	3.293287e-01	1.742550e+00	1.889924e-01	3.571812e-02	1.889924e-01	1.889924e-01
0.672673	3.273267e-01	1.000000e+00	1.000000e+00	3.273267e-01	3.273267e-01	3.273267e-01	1.747871e+00	1.872717e-01	3.507067e-02	1.872717e-01	1.872717e-01
0.674675	3.253246e-01	1.000000e+00	1.000000e+00	3.253246e-01	3.253246e-01	3.253246e-01	1.753241e+00	1.855562e-01	3.443110e-02	1.855562e-01	1.855562e-01
0.676677	3.233226e-01	1.000000e+00	1.000000e+00	3.233226e-01	3.233226e-01	3.233226e-01	1.758660e+00	1.838460e-01	3.379935e-02	1.838460e-01	1.838460e-01
0.678679	3.213206e-01	1.000000e+00	1.000000e+00	3.213206e-01	3.213206e-01	3.213206e-01	1.764130e+00	1.821411e-01	3.317538e-02	1.821411e-01	1.821411e-01
0.680681	3.193186e-01	1.000000e+00	1.000000e+00	3.193186e-01	3.193186e-01	3.193186e-01	1.769652e+00	1.804415e-01	3.255913e-02	1.804415e-01	1.804415e-01
0.682683	3.173166e-01	1.000000e+00	1.000000e+00	3.173166e-01	3.173166e-01	3.173166e-01	1.775226e+00	1.787472e-01	3.195056e-02	1.787472e-01	1.787472e-01
0.684685	3.153146e-01	1.000000e+00	1.000000e+00	3.153146e-01	3.153146e-01	3.153146e-01	1.780852e+00	1.770583e-01	3.134963e-02	1.770583e-01	1.770583e-01
0.686687	3.133126e-01	1.000000e+00	1.000000e+00	3.133126e-01	3.133126e-01	3.133126e-01	1.786533e+00	1.753747e-01	3.075627e-02	1.753747e-01	1.753747e-01
0.688689	3.113106e-01	1.000000e+00	1.000000e+00	3.113106e-01	3.113106e-01	3.113106e-01	1.792268e+00	1.736964e-01	3.017045e-02	1.736964e-01	1.736964e-01
0.690691	3.093086e-01	1.000000e+00	1.000000e+00	3.093086e-01	3.093086e-01	3.093086e-01	1.798059e+00	1.720236e-01	2.959212e-02	1.720236e-01	1.720236e-01
0.692693	3.073066e-01	1.000000e+00	1.000000e+00	3.073066e-01	3.073066e-01	3.073066e-01	1.803907e+00	1.703562e-01	2.902122e-02	1.703562e-01	1.703562e-01
0.694695	3.053046e-01	1.000000e+00	1.000000e+00	3.053046e-01	3.053046e-01	3.053046e-01	1.809811e+00	1.686942e-01	2.845772e-02	1.686942e-01	1.686942e-01
0.696697	3.033026e-01	1.000000e+00	1.000000e+00	3.033026e-01	3.033026e-01	3.033026e-01	1.815775e+00	1.670376e-01	2.790156e-02	1.670376e-01	1.670376e-01
0.698699	3.013006e-01	1.000000e+00	1.000000e+00	3.013006e-01	3.013006e-01	3.013006e-01	1.821797e+00	1.653865e-01	2.735269e-02	1.653865e-01	1.653865e-01
0.700701	2.992986e-01	1.000000e+00	1.000000e+00	2.992986e-01	2.992986e-01	2.992986e-01	1.827880e+00	1.637408e-01	2.681106e-02	1.637408e-01	1.637408e-01
0.702703	2.972966e-01	1.000000e+00	1.000000e+00	2.972966e-01	2.972966e-01	2.972966e-01	1.834024e+00	1.621007e-01	2.627664e-02	1.621007e-01	1.621007e-01
0.704705	2.952946e-01	1.000000e+00	1.000000e+00	2.952946e-01	2.952946e-01	2.952946e-01	1.840231e+00	1.604661e-01	2.574936e-02	1.604661e-01	1.604661e-01
0.706707	2.932926e-01	1.000000e+00	1.000000e+00	2.932926e-01	2.932926e-01	2.932926e-01	1.846501e+00	1.588370e-01	2.522919e-02	1.588370e-01	1.588370e-01
0.708709	2.912906e-01	1.000000e+00	1.000000e+00	2.912906e-01	2.912906e-01	2.912906e-01	1.852835e+00	1.572134e-01	2.471606e-02	1.572134e-01	1.572134e-01
0.710711	2.892886e-01	1.000000e+00	1.000000e+00	2.892886e-01	2.892886e-01	2.892886e-01	1.859235e+00	1.555955e-01	2.420995e-02	1.555955e-01	1.555955e-01
0.712713	2.872866e-01	1.000000e+00	1.000000e+00	2.872866e-01	2.872866e-01	2.872866e-01	1.865702e+00	1.539831e-01	2.371079e-02	1.539831e-01	1.539831e-01
0.714715	2.852846e-01	1.000000e+00	1.000000e+00	2.852846e-01	2.852846e-01	2.852846e-01	1.872237e+00	1.523763e-01	2.321854e-02	1.523763e-01	1.523763e-01
0.716717	2.832826e-01	1.000000e+00	1.000000e+00	2.832826e-01	2.832826e-01	2.832826e-01	1.878841e+00	1.507752e-01	2.273315e-02	1.507752e-01	1.507752e-01
0.718719	2.812806e-01	1.000000e+00	1.000000e+00	2.812806e-01	2.812806e-01	2.812806e-01	1.885516e+00	1.491796e-01	2.225457e-02	1.491796e-01	1.491796e-01
0.720721	2.792786e-01	1.000000e+00	1.000000e+00	2.792786e-01	2.792786e-01	2.792786e-01	1.892262e+00	1.475898e-01	2.178275e-02	1.475898e-01	1.475898e-01
0.722723	2.772766e-01	1.000000e+00	1.000000e+00	2.772766e-01	2.772766e-01	2.772766e-01	1.899081e+00	1.460057e-01	2.131766e-02	1.460057e-01	1.460057e-01
0.724725	2.752745e-01	1.000000e+00	1.000000e+00	2.752745e-01	2.752745e-01	2.752745e-01	1.905974e+00	1.444272e-01	2.085923e-02	1.444272e-01	1.444272e-01
0.726727	2.732725e-01	1.000000e+00	1.000000e+00	2.732725e-01	2.732725e-01	2.732725e-01	1.912943e+00	1.428545e-01	2.040742e-02	1.428545e-01	1.428545e-01
0.728729	2.712705e-01	1.000000e+00	1.000000e+00	2.712705e-01	2.712705e-01	2.712705e-01	1.919989e+00	1.412876e-01	1.996218e-02	1.412876e-01	1.412876e-01
0.730731	2.692685e-01	1.000000e+00	1.000000e+00	2.692685e-01	2.692685e-01	2.692685e-01	1.927113e+00	1.397264e-01	1.952346e-02	1.397264e-01	1.397264e-01
0.732733	2.672665e-01	1.000000e+00	1.000000e+00	2.672665e-01	2.672665e-01	2.672665e-01	1.934317e+00	1.381710e-01	1.909122e-02	1.381710e-01	1.381710e-01
0.734735	2.652645e-01	1.000000e+00	1.000000e+00	2.652645e-01	2.652645e-01	2.652645e-01	1.941603e+00	1.366214e-01	1.866541e-02	1.366214e-01	1.366214e-01
0.736737	2.632625e-01	1.000000e+00	1.000000e+00	2.632625e-01	2.632625e-01	2.632625e-01	1.948971e+00	1.350777e-01	1.824598e-02	1.350777e-01	1.350777e-01
0.738739	2.612605e-01	1.000000e+00	1.000000e+00	2.612605e-01	2.612605e-01	2.612605e-01	1.956425e+00	1.335398e-01	1.783288e-02	1.335398e-01	1.335398e-01
0.740741	2.592585e-01	1.000000e+00	1.000000e+00	2.592585e-01	2.592585e-01	2.592585e-01	1.963964e+00	1.320078e-01	1.742606e-02	1.320078e-01	1.320078e-01
0.742743	2.572565e-01	1.000000e+00	1.000000e+00	2.572565e-01	2.572565e-01	2.572565e-01	1.971591e+00	1.304817e-01	1.702547e-02	1.304817e-01	1.304817e-01
0.744745	2.552545e-01	1.000000e+00	1.000000e+00	2.552545e-01	2.552545e-01	2.552545e-01	1.979308e+00	1.289615e-01	1.663107e-02	1.289615e-01	1.289615e-01
0.746747	2.532525e-01	1.000000e+00	1.000000e+00	2.532525e-01	2.532525e-01	2.532525e-01	1.987116e+00	1.274473e-01	1.624281e-02	1.274473e-01	1.274473e-01
0.748749	2.512505e-01	1.000000e+00	1.000000e+00	2.512505e-01	2.512505e-01	2.512505e-01	1.995017e+00	1.259390e-01	1.586064e-02	1.259390e-01	1.259390e-01
0.750752	2.492485e-01	1.000000e+00	1.000000e+00	2.492485e-01	2.492485e-01	2.492485e-01	2.003013e+00	1.244368e-01	1.548452e-02	1.244368e-01	1.244368e-01
0.752754	2.472465e-01	1.000000e+00	1.000000e+00	2.472465e-01	2.472465e-01	2.472465e-01	2.011106e+00	1.229406e-01	1.511438e-02	1.229406e-01	1.229406e-01
0.754756	2.452445e-01	1.000000e+00	1.000000e+00	2.452445e-01	2.452445e-01	2.452445e-01	2.019298e+00	1.214504e-01	1.475020e-02	1.214504e-01	1.214504e-01
0.756758	2.432425e-01	1.000000e+00	1.000000e+00	2.432425e-01	2.432425e-01	2.432425e-01	2.027591e+00	1.199663e-01	1.439191e-02	1.199663e-01	1.199663e-01
0.758760	2.412405e-01	1.000000e+00	1.000000e+00	2.412405e-01	2.412405e-01	2.412405e-01	2.035987e+00	1.184882e-01	1.403946e-02	1.184882e-01	1.184882e-01
0.760762	2.392385e-01	1.000000e+00	1.000000e+00	2.392385e-01	2.392385e-01	2.392385e-01	2.044488e+00	1.170163e-01	1.369283e-02	1.170163e-01	1.170163e-01
0.762764	2.372365e-01	1.000000e+00	1.000000e+00	2.372365e-01	2.372365e-01	2.372365e-01	2.053096e+00	1.155506e-01	1.335194e-02	1.155506e-01	1.155506e-01
0.764766	2.352345e-01	1.000000e+00	1.000000e+00	2.352345e-01	2.352345e-01	2.352345e-01	2.061814e+00	1.140910e-01	1.301676e-02	1.140910e-01	1.140910e-01
0.766768	2.332325e-01	1.000000e+00	1.000000e+00	2.332325e-01	2.332325e-01	2.332325e-01	2.070644e+00	1.126376e-01	1.268724e-02	1.126376e-01	1.126376e-01
0.768770	2.312305e-01	1.000000e+00	1.000000e+00	2.312305e-01	2.312305e-01	2.312305e-01	2.079589e+00	1.111905e-01	1.236332e-02	1.111905e-01	1.111905e-01
0.770772	2.292285e-01	1.000000e+00	1.000000e+00	2.292285e-01	2.292285e-01	2.292285e-01	2.088650e+00	1.097496e-01	1.204497e-02	1.097496e-01	1.097496e-01
0.772774	2.272265e-01	1.000000e+00	1.000000e+00	2.272265e-01	2.272265e-01	2.272265e-01	2.097831e+00	1.083149e-01	1.173212e-02	1.083149e-01	1.083149e-01
0.774776	2.252244e-01	1.000000e+00	1.000000e+00	2.252244e-01	2.252244e-01	2.252244e-01	2.107134e+00	1.068866e-01	1.142475e-02	1.068866e-01	1.068866e-01
0.776778	2.232224e-01	1.000000e+00	1.000000e+00	2.232224e-01	2.232224e-01	2.232224e-01	2.116562e+00	1.054646e-01	1.112279e-02	1.054646e-01	1.054646e-01
0.778780	2.212204e-01	1.000000e+00	1.000000e+00	2.212204e-01	2.212204e-01	2.212204e-01	2.126118e+00	1.040490e-01	1.082619e-02	1.040490e-01	1.040490e-01
0.780782	2.192184e-01	1.000000e+00	1.000000e+00	2.192184e-01	2.192184e-01	2.192184e-01	2.135804e+00	1.026398e-01	1.053492e-02	1.026398e-01	1.026398e-01
0.782784	2.172164e-01	1.000000e+00	1.000000e+00	2.172164e-01	2.172164e-01	2.172164e-01	2.145624e+00	1.012369e-01	1.024892e-02	1.012369e-01	1.012369e-01
0.784786	2.152144e-01	1.000000e+00	1.000000e+00	2.152144e-01	2.152144e-01	2.152144e-01	2.155581e+00	9.984058e-02	9.968141e-03	9.984058e-02	9.984058e-02
0.786788	2.132124e-01	1.000000e+00	1.000000e+00	2.132124e-01	2.132124e-01	2.132124e-01	2.165677e+00	9.845069e-02	9.692538e-03	9.845069e-02	9.845069e-02
0.788790	2.112104e-01	1.000000e+00	1.000000e+00	2.112104e-01	2.112104e-01	2.112104e-01	2.175917e+00	9.706731e-02	9.422063e-03	9.706731e-02	9.706731e-02
0.790792	2.092084e-01	1.000000e+00	1.000000e+00	2.092084e-01	2.092084e-01	2.092084e-01	2.186303e+00	9.569048e-02	9.156668e-03	9.569048e-02	9.569048e-02
0.792794	2.072064e-01	1.000000e+00	1.000000e+00	2.072064e-01	2.072064e-01	2.072064e-01	2.196840e+00	9.432022e-02	8.896303e-03	9.432022e-02	9.432022e-02
0.794796	2.052044e-01	1.000000e+00	1.000000e+00	2.052044e-01	2.052044e-01	2.052044e-01	2.207530e+00	9.295656e-02	8.640922e-03	9.295656e-02	9.295656e-02
0.796798	2.032024e-01	1.000000e+00	1.000000e+00	2.032024e-01	2.032024e-01	2.032024e-01	2.218378e+00	9.159953e-02	8.390475e-03	9.159953e-02	9.159953e-02
0.798800	2.012004e-01	1.000000e+00	1.000000e+00	2.012004e-01	2.012004e-01	2.012004e-01	2.229388e+00	9.024918e-02	8.144914e-03	9.024918e-02	9.024918e-02
0.800802	1.991984e-01	1.000000e+00	1.000000e+00	1.991984e-01	1.991984e-01	1.991984e-01	2.240563e+00	8.890553e-02	7.904193e-03	8.890553e-02	8.890553e-02
0.802804	1.971964e-01	1.000000e+00	1.000000e+00	1.971964e-01	1.971964e-01	1.971964e-01	2.251907e+00	8.756861e-02	7.668261e-03	8.756861e-02	8.756861e-02
0.804806	1.951944e-01	1.000000e+00	1.000000e+00	1.951944e-01	1.951944e-01	1.951944e-01	2.263426e+00	8.623846e-02	7.437072e-03	8.623846e-02	8.623846e-02
0.806808	1.931924e-01	1.000000e+00	1.000000e+00	1.931924e-01	1.931924e-01	1.931924e-01	2.275124e+00	8.491512e-02	7.210577e-03	8.491512e-02	8.491512e-02
0.808810	1.911904e-01	1.000000e+00	1.000000e+00	1.911904e-01	1.911904e-01	1.911904e-01	2.287004e+00	8.359861e-02	6.988728e-03	8.359861e-02	8.359861e-02
0.810812	1.891884e-01	1.000000e+00	1.000000e+00	1.891884e-01	1.891884e-01	1.891884e-01	2.299073e+00	8.228898e-02	6.771476e-03	8.228898e-02	8.228898e-02
0.812814	1.871864e-01	1.000000e+00	1.000000e+00	1.871864e-01	1.871864e-01	1.871864e-01	2.311335e+00	8.098626e-02	6.558774e-03	8.098626e-02	8.098626e-02
0.814816	1.851844e-01	1.000000e+00	1.000000e+00	1.851844e-01	1.851844e-01	1.851844e-01	2.323795e+00	7.969049e-02	6.350574e-03	7.969049e-02	7.969049e-02
0.816818	1.831824e-01	1.000000e+00	1.000000e+00	1.831824e-01	1.831824e-01	1.831824e-01	2.336459e+00	7.840170e-02	6.146827e-03	7.840170e-02	7.840170e-02
0.818820	1.811804e-01	1.000000e+00	1.000000e+00	1.811804e-01	1.811804e-01	1.811804e-01	2.349332e+00	7.711994e-02	5.947485e-03	7.711994e-02	7.711994e-02
0.820822	1.791784e-01	1.000000e+00	1.000000e+00	1.791784e-01	1.791784e-01	1.791784e-01	2.362421e+00	7.584524e-02	5.752500e-03	7.584524e-02	7.584524e-02
0.822824	1.771764e-01	1.000000e+00	1.000000e+00	1.771764e-01	1.771764e-01	1.771764e-01	2.375730e+00	7.457764e-02	5.561824e-03	7.457764e-02	7.457764e-02
0.824826	1.751743e-01	1.000000e+00	1.000000e+00	1.751743e-01	1.751743e-01	1.751743e-01	2.389267e+00	7.331718e-02	5.375409e-03	7.331718e-02	7.331718e-02
0.826828	1.731723e-01	1.000000e+00	1.000000e+00	1.731723e-01	1.731723e-01	1.731723e-01	2.403039e+00	7.206391e-02	5.193207e-03	7.206391e-02	7.206391e-02
0.828830	1.711703e-01	1.000000e+00	1.000000e+00	1.711703e-01	1.711703e-01	1.711703e-01	2.417051e+00	7.081786e-02	5.015169e-03	7.081786e-02	7.081786e-02
0.830832	1.691683e-01	1.000000e+00	1.000000e+00	1.691683e-01	1.691683e-01	1.691683e-01	2.431311e+00	6.957907e-02	4.841247e-03	6.957907e-02	6.957907e-02
0.832834	1.671663e-01	1.000000e+00	1.000000e+00	1.671663e-01	1.671663e-01	1.671663e-01	2.445826e+00	6.834759e-02	4.671393e-03	6.834759e-02	6.834759e-02
0.834836	1.651643e-01	1.000000e+00	1.000000e+00	1.651643e-01	1.651643e-01	1.651643e-01	2.460605e+00	6.712347e-02	4.505560e-03	6.712347e-02	6.712347e-02
0.836838	1.631623e-01	1.000000e+00	1.000000e+00	1.631623e-01	1.631623e-01	1.631623e-01	2.475655e+00	6.590674e-02	4.343698e-03	6.590674e-02	6.590674e-02
0.838840	1.611603e-01	1.000000e+00	1.000000e+00	1.611603e-01	1.611603e-01	1.611603e-01	2.490984e+00	6.469745e-02	4.185760e-03	6.469745e-02	6.469745e-02
0.840842	1.591583e-01	1.000000e+00	1.000000e+00	1.591583e-01	1.591583e-01	1.591583e-01	2.506602e+00	6.349565e-02	4.031698e-03	6.349565e-02	6.349565e-02
0.842844	1.571563e-01	1.000000e+00	1.000000e+00	1.571563e-01	1.571563e-01	1.571563e-01	2.522517e+00	6.230139e-02	3.881463e-03	6.230139e-02	6.230139e-02
0.844846	1.551543e-01	1.000000e+00	1.000000e+00	1.551543e-01	1.551543e-01	1.551543e-01	2.538739e+00	6.111471e-02	3.735008e-03	6.111471e-02	6.111471e-02
0.846848	1.531523e-01	1.000000e+00	1.000000e+00	1.531523e-01	1.531523e-01	1.531523e-01	2.555278e+00	5.993566e-02	3.592284e-03	5.993566e-02	5.993566e-02
0.848850	1.511503e-01	1.000000e+00	1.000000e+00	1.511503e-01	1.511503e-01	1.511503e-01	2.572145e+00	5.876429e-02	3.453242e-03	5.876429e-02	5.876429e-02
0.850852	1.491483e-01	1.000000e+00	1.000000e+00	1.491483e-01	1.491483e-01	1.491483e-01	2.589351e+00	5.760066e-02	3.317836e-03	5.760066e-02	5.760066e-02
0.852854	1.471463e-01	1.000000e+00	1.000000e+00	1.471463e-01	1.471463e-01	1.471463e-01	2.606906e+00	5.644481e-02	3.186016e-03	5.644481e-02	5.644481e-02
0.854856	1.451443e-01	1.000000e+00	1.000000e+00	1.451443e-01	1.451443e-01	1.451443e-01	2.624823e+00	5.529679e-02	3.057735e-03	5.529679e-02	5.529679e-02
0.856858	1.431423e-01	1.000000e+00	1.000000e+00	1.431423e-01	1.431423e-01	1.431423e-01	2.643115e+00	5.415667e-02	2.932944e-03	5.415667e-02	5.415667e-02
0.858860	1.411403e-01	1.000000e+00	1.000000e+00	1.411403e-01	1.411403e-01	1.411403e-01	2.661794e+00	5.302449e-02	2.811596e-03	5.302449e-02	5.302449e-02
0.860862	1.391383e-01	1.000000e+00	1.000000e+00	1.391383e-01	1.391383e-01	1.391383e-01	2.680876e+00	5.190031e-02	2.693642e-03	5.190031e-02	5.190031e-02
0.862864	1.371363e-01	1.000000e+00	1.000000e+00	1.371363e-01	1.371363e-01	1.371363e-01	2.700373e+00	5.078419e-02	2.579034e-03	5.078419e-02	5.078419e-02
0.864866	1.351343e-01	1.000000e+00	1.000000e+00	1.351343e-01	1.351343e-01	1.351343e-01	2.720303e+00	4.967619e-02	2.467723e-03	4.967619e-02	4.967619e-02
0.866868	1.331323e-01	1.000000e+00	1.000000e+00	1.331323e-01	1.331323e-01	1.331323e-01	2.740680e+00	4.857636e-02	2.359663e-03	4.857636e-02	4.857636e-02
0.868870	1.311303e-01	1.000000e+00	1.000000e+00	1.311303e-01	1.311303e-01	1.311303e-01	2.761522e+00	4.748478e-02	2.254804e-03	4.748478e-02	4.748478e-02
0.870872	1.291283e-01	1.000000e+00	1.000000e+00	1.291283e-01	1.291283e-01	1.291283e-01	2.782847e+00	4.640149e-02	2.153098e-03	4.640149e-02	4.640149e-02
0.872874	1.271263e-01	1.000000e+00	1.000000e+00	1.271263e-01	1.271263e-01	1.271263e-01	2.804674e+00	4.532657e-02	2.054498e-03	4.532657e-02	4.532657e-02
0.874876	1.251242e-01	1.000000e+00	1.000000e+00	1.251242e-01	1.251242e-01	1.251242e-01	2.827022e+00	4.426008e-02	1.958955e-03	4.426008e-02	4.426008e-02
0.876878	1.231222e-01	1.000000e+00	1.000000e+00	1.231222e-01	1.231222e-01	1.231222e-01	2.849914e+00	4.320209e-02	1.866421e-03	4.320209e-02	4.320209e-02
0.878880	1.211202e-01	1.000000e+00	1.000000e+00	1.211202e-01	1.211202e-01	1.211202e-01	2.873371e+00	4.215267e-02	1.776848e-03	4.215267e-02	4.215267e-02
0.880882	1.191182e-01	1.000000e+00	1.000000e+00	1.191182e-01	1.191182e-01	1.191182e-01	2.897416e+00	4.111188e-02	1.690187e-03	4.111188e-02	4.111188e-02
0.882884	1.171162e-01	1.000000e+00	1.000000e+00	1.171162e-01	1.171162e-01	1.171162e-01	2.922076e+00	4.007981e-02	1.606391e-03	4.007981e-02	4.007981e-02
0.884886	1.151142e-01	1.000000e+00	1.000000e+00	1.151142e-01	1.151142e-01	1.151142e-01	2.947376e+00	3.905652e-02	1.525412e-03	3.905652e-02	3.905652e-02
0.886888	1.131122e-01	1.000000e+00	1.000000e+00	1.131122e-01	1.131122e-01	1.131122e-01	2.973344e+00	3.804209e-02	1.447200e-03	3.804209e-02	3.804209e-02
0.888890	1.111102e-01	1.000000e+00	1.000000e+00	1.111102e-01	1.111102e-01	1.111102e-01	3.000012e+00	3.703659e-02	1.371709e-03	3.703659e-02	3.703659e-02
0.890892	1.091082e-01	1.000000e+00	1.000000e+00	1.091082e-01	1.091082e-01	1.091082e-01	3.027410e+00	3.604012e-02	1.298890e-03	3.604012e-02	3.604012e-02
0.892894	1.071062e-01	1.000000e+00	1.000000e+00	1.071062e-01	1.071062e-01	1.071062e-01	3.055573e+00	3.505274e-02	1.228695e-03	3.505274e-02	3.505274e-02
0.894896	1.051042e-01	1.000000e+00	1.000000e+00	1.051042e-01	1.051042e-01	1.051042e-01	3.084537e+00	3.407455e-02	1.161075e-03	3.407455e-02	3.407455e-02
0.896898	1.031022e-01	1.000000e+00	1.000000e+00	1.031022e-01	1.031022e-01	1.031022e-01	3.114340e+00	3.310564e-02	1.095983e-03	3.310564e-02	3.310564e-02
0.898900	1.011002e-01	1.000000e+00	1.000000e+00	1.011002e-01	1.011002e-01	1.011002e-01	3.145024e+00	3.214608e-02	1.033370e-03	3.214608e-02	3.214608e-02
0.900902	9.909820e-02	1.000000e+00	1.000000e+00	9.909820e-02	9.909820e-02	9.909820e-02	3.176634e+00	3.119598e-02	9.731891e-04	3.119598e-02	3.119598e-02
0.902904	9.709619e-02	1.000000e+00	1.000000e+00	9.709619e-02	9.709619e-02	9.709619e-02	3.209216e+00	3.025543e-02	9.153909e-04	3.025543e-02	3.025543e-02
0.904906	9.509419e-02	1.000000e+00	1.000000e+00	9.509419e-02	9.509419e-02	9.509419e-02	3.242821e+00	2.932452e-02	8.599277e-04	2.932452e-02	2.932452e-02
0.906908	9.309218e-02	1.000000e+00	1.000000e+00	9.309218e-02	9.309218e-02	9.309218e-02	3.277505e+00	2.840337e-02	8.067513e-04	2.840337e-02	2.840337e-02
0.908910	9.109018e-02	1.000000e+00	1.000000e+00	9.109018e-02	9.109018e-02	9.109018e-02	3.313326e+00	2.749206e-02	7.558136e-04	2.749206e-02	2.749206e-02
0.910912	8.908818e-02	1.000000e+00	1.000000e+00	8.908818e-02	8.908818e-02	8.908818e-02	3.350348e+00	2.659072e-02	7.070664e-04	2.659072e-02	2.659072e-02
0.912914	8.708617e-02	1.000000e+00	1.000000e+00	8.708617e-02	8.708617e-02	8.708617e-02	3.388640e+00	2.569945e-02	6.604617e-04	2.569945e-02	2.569945e-02
0.914916	8.508417e-02	1.000000e+00	1.000000e+00	8.508417e-02	8.508417e-02	8.508417e-02	3.428275e+00	2.481836e-02	6.159512e-04	2.481836e-02	2.481836e-02
0.916918	8.308216e-02	1.000000e+00	1.000000e+00	8.308216e-02	8.308216e-02	8.308216e-02	3.469334e+00	2.394758e-02	5.734868e-04	2.394758e-02	2.394758e-02
0.918920	8.108016e-02	1.000000e+00	1.000000e+00	8.108016e-02	8.108016e-02	8.108016e-02	3.511905e+00	2.308723e-02	5.330204e-04	2.308723e-02	2.308723e-02
0.920922	7.907816e-02	1.000000e+00	1.000000e+00	7.907816e-02	7.907816e-02	7.907816e-02	3.556082e+00	2.223744e-02	4.945038e-04	2.223744e-02	2.223744e-02
0.922924	7.707615e-02	1.000000e+00	1.000000e+00	7.707615e-02	7.707615e-02	7.707615e-02	3.601969e+00	2.139834e-02	4.578889e-04	2.139834e-02	2.139834e-02
0.924926	7.507415e-02	1.000000e+00	1.000000e+00	7.507415e-02	7.507415e-02	7.507415e-02	3.649680e+00	2.057006e-02	4.231275e-04	2.057006e-02	2.057006e-02
0.926928	7.307214e-02	1.000000e+00	1.000000e+00	7.307214e-02	7.307214e-02	7.307214e-02	3.699339e+00	1.975276e-02	3.901715e-04	1.975276e-02	1.975276e-02
0.928930	7.107014e-02	1.000000e+00	1.000000e+00	7.107014e-02	7.107014e-02	7.107014e-02	3.751081e+00	1.894658e-02	3.589728e-04	1.894658e-02	1.894658e-02
0.930932	6.906814e-02	1.000000e+00	1.000000e+00	6.906814e-02	6.906814e-02	6.906814e-02	3.805057e+00	1.815167e-02	3.294832e-04	1.815167e-02	1.815167e-02
0.932934	6.706613e-02	1.000000e+00	1.000000e+00	6.706613e-02	6.706613e-02	6.706613e-02	3.861432e+00	1.736820e-02	3.016545e-04	1.736820e-02	1.736820e-02
0.934936	6.506413e-02	1.000000e+00	1.000000e+00	6.506413e-02	6.506413e-02	6.506413e-02	3.920389e+00	1.659634e-02	2.754386e-04	1.659634e-02	1.659634e-02
0.936938	6.306212e-02	1.000000e+00	1.000000e+00	6.306212e-02	6.306212e-02	6.306212e-02	3.982132e+00	1.583627e-02	2.507874e-04	1.583627e-02	1.583627e-02
0.938940	6.106012e-02	1.000000e+00	1.000000e+00	6.106012e-02	6.106012e-02	6.106012e-02	4.046888e+00	1.508817e-02	2.276528e-04	1.508817e-02	1.508817e-02
0.940942	5.905812e-02	1.000000e+00	1.000000e+00	5.905812e-02	5.905812e-02	5.905812e-02	4.114909e+00	1.435223e-02	2.059865e-04	1.435223e-02	1.435223e-02
0.942944	5.705611e-02	1.000000e+00	1.000000e+00	5.705611e-02	5.705611e-02	5.705611e-02	4.186479e+00	1.362866e-02	1.857405e-04	1.362866e-02	1.362866e-02
0.944946	5.505411e-02	1.000000e+00	1.000000e+00	5.505411e-02	5.505411e-02	5.505411e-02	4.261918e+00	1.291768e-02	1.668665e-04	1.291768e-02	1.291768e-02
0.946948	5.305210e-02	1.000000e+00	1.000000e+00	5.305210e-02	5.305210e-02	5.305210e-02	4.341589e+00	1.221951e-02	1.493165e-04	1.221951e-02	1.221951e-02
0.948950	5.105010e-02	1.000000e+00	1.000000e+00	5.105010e-02	5.105010e-02	5.105010e-02	4.425901e+00	1.153440e-02	1.330423e-04	1.153440e-02	1.153440e-02
0.950952	4.904810e-02	1.000000e+00	1.000000e+00	4.904810e-02	4.904810e-02	4.904810e-02	4.515324e+00	1.086259e-02	1.179958e-04	1.086259e-02	1.086259e-02
0.952954	4.704609e-02	1.000000e+00	1.000000e+00	4.704609e-02	4.704609e-02	4.704609e-02	4.610396e+00	1.020435e-02	1.041288e-04	1.020435e-02	1.020435e-02
0.954956	4.504409e-02	1.000000e+00	1.000000e+00	4.504409e-02	4.504409e-02	4.504409e-02	4.711738e+00	9.559974e-03	9.139310e-05	9.559974e-03	9.559974e-03
0.956958	4.304208e-02	1.000000e+00	1.000000e+00	4.304208e-02	4.304208e-02	4.304208e-02	4.820070e+00	8.929763e-03	7.974067e-05	8.929763e-03	8.929763e-03
0.958960	4.104008e-02	1.000000e+00	1.000000e+00	4.104008e-02	4.104008e-02	4.104008e-02	4.936236e+00	8.314044e-03	6.912332e-05	8.314044e-03	8.314044e-03
0.960962	3.903808e-02	1.000000e+00	1.000000e+00	3.903808e-02	3.903808e-02	3.903808e-02	5.061227e+00	7.713165e-03	5.949291e-05	7.713165e-03	7.713165e-03
0.962964	3.703607e-02	1.000000e+00	1.000000e+00	3.703607e-02	3.703607e-02	3.703607e-02	5.196220e+00	7.127503e-03	5.080129e-05	7.127503e-03	7.127503e-03
0.964966	3.503407e-02	1.000000e+00	1.000000e+00	3.503407e-02	3.503407e-02	3.503407e-02	5.342625e+00	6.557463e-03	4.300032e-05	6.557463e-03	6.557463e-03
0.966968	3.303206e-02	1.000000e+00	1.000000e+00	3.303206e-02	3.303206e-02	3.303206e-02	5.502146e+00	6.003487e-03	3.604186e-05	6.003487e-03	6.003487e-03
0.968970	3.103006e-02	1.000000e+00	1.000000e+00	3.103006e-02	3.103006e-02	3.103006e-02	5.676867e+00	5.466054e-03	2.987775e-05	5.466054e-03	5.466054e-03
0.970972	2.902806e-02	1.000000e+00	1.000000e+00	2.902806e-02	2.902806e-02	2.902806e-02	5.869364e+00	4.945690e-03	2.445985e-05	4.945690e-03	4.945690e-03
0.972974	2.702605e-02	1.000000e+00	1.000000e+00	2.702605e-02	2.702605e-02	2.702605e-02	6.082872e+00	4.442975e-03	1.974003e-05	4.442975e-03	4.442975e-03
0.974976	2.502405e-02	1.000000e+00	1.000000e+00	2.502405e-02	2.502405e-02	2.502405e-02	6.321516e+00	3.958552e-03	1.567013e-05	3.958552e-03	3.958552e-03
0.976978	2.302204e-02	1.000000e+00	1.000000e+00	2.302204e-02	2.302204e-02	2.302204e-02	6.590647e+00	3.493139e-03	1.220202e-05	3.493139e-03	3.493139e-03
0.978980	2.102004e-02	1.000000e+00	1.000000e+00	2.102004e-02	2.102004e-02	2.102004e-02	6.897365e+00	3.047546e-03	9.287538e-06	3.047546e-03	3.047546e-03
0.980982	1.901804e-02	1.000000e+00	1.000000e+00	1.901804e-02	1.901804e-02	1.901804e-02	7.251322e+00	2.622699e-03	6.878552e-06	2.622699e-03	2.622699e-03
0.982984	1.701603e-02	1.000000e+00	1.000000e+00	1.701603e-02	1.701603e-02	1.701603e-02	7.666036e+00	2.219665e-03	4.926913e-06	2.219665e-03	2.219665e-03
0.984986	1.501403e-02	1.000000e+00	1.000000e+00	1.501403e-02	1.501403e-02	1.501403e-02	8.161151e+00	1.839695e-03	3.384478e-06	1.839695e-03	1.839695e-03
0.986988	1.301202e-02	1.000000e+00	1.000000e+00	1.301202e-02	1.301202e-02	1.301202e-02	8.766527e+00	1.484285e-03	2.203102e-06	1.484285e-03	1.484285e-03
0.988990	1.101002e-02	1.000000e+00	1.000000e+00	1.101002e-02	1.101002e-02	1.101002e-02	9.530286e+00	1.155266e-03	1.334641e-06	1.155266e-03	1.155266e-03
0.990992	9.008016e-03	1.000000e+00	1.000000e+00	9.008016e-03	9.008016e-03	9.008016e-03	1.053623e+01	8.549559e-04	7.309496e-07	8.549559e-04	8.549559e-04
0.992994	7.006012e-03	1.000000e+00	1.000000e+00	7.006012e-03	7.006012e-03	7.006012e-03	1.194716e+01	5.864167e-04	3.438845e-07	5.864167e-04	5.864167e-04
0.994996	5.004008e-03	1.000000e+00	1.000000e+00	5.004008e-03	5.004008e-03	5.004008e-03	1.413647e+01	3.539786e-04	1.253008e-07	3.539786e-04	3.539786e-04
0.996998	3.002004e-03	1.000000e+00	1.000000e+00	3.002004e-03	3.002004e-03	3.002004e-03	1.825132e+01	1.644814e-04	2.705414e-08	1.644814e-04	1.644814e-04
0.999000	1.000000e-03	1.000000e+00	1.000000e+00	1.000000e-03	1.000000e-03	1.000000e-03	3.162278e+01	3.162278e-05	1.000000e-09	3.162278e-05	3.162278e-05
