time_days	observed_range_m	baseline_range_m	fitted_range_m	fit_residual_m
0.000000000000000000e+00	3.844000026275201440e+08	3.844000000000000000e+08	3.844000026299278736e+08	-2.407729625701904297e-03
1.000000000000000000e+00	3.845101843355611563e+08	3.845101798083577752e+08	3.845101843363381028e+08	-7.769465446472167969e-04
2.000000000000000000e+00	3.848040702363901138e+08	3.848040645571496487e+08	3.848040702328427434e+08	3.547370433807373047e-03
3.000000000000000000e+00	3.851793372987967730e+08	3.851793312791574001e+08	3.851793373014420867e+08	-2.645313739776611328e-03
4.000000000000000000e+00	3.854892155330048203e+08	3.854892099680610895e+08	3.854892155287668705e+08	4.237949848175048828e-03
5.000000000000000000e+00	3.855727508723782897e+08	3.855727465579431653e+08	3.855727508801189661e+08	-7.740676403045654297e-03
6.000000000000000000e+00	3.852881781925001740e+08	3.852881758345551491e+08	3.852881782034576535e+08	-1.095747947692871094e-02
7.000000000000000000e+00	3.845435602288131714e+08	3.845435604440052509e+08	3.845435602323765159e+08	-3.563344478607177734e-03
8.000000000000000000e+00	3.833198603055138588e+08	3.833198636047016978e+08	3.833198602960354090e+08	9.478449821472167969e-03
9.000000000000000000e+00	3.816828735714364052e+08	3.816828803689704537e+08	3.816828735825634599e+08	-1.112705469131469727e-02
1.000000000000000000e+01	3.797816107687206864e+08	3.797816212420966029e+08	3.797816107614905238e+08	7.230162620544433594e-03
1.100000000000000000e+01	3.778319726519342065e+08	3.778319868483480215e+08	3.778319726508074999e+08	1.126706600189208984e-03
1.200000000000000000e+01	3.760863678548775315e+08	3.760863855807223320e+08	3.760863678607890606e+08	-5.911529064178466797e-03
1.300000000000000000e+01	3.747926929725637436e+08	3.747927137974209785e+08	3.747926929744110107e+08	-1.847267150878906250e-03
1.400000000000000000e+01	3.741495301406123042e+08	3.741495534308640361e+08	3.741495301308340430e+08	9.778261184692382812e-03
1.500000000000000000e+01	3.742672169199035764e+08	3.742672419079501033e+08	3.742672169166141152e+08	3.289461135864257812e-03
1.600000000000000000e+01	3.751447085252822638e+08	3.751447343308080435e+08	3.751447085235248208e+08	1.757442951202392578e-03
1.700000000000000000e+01	3.766687126666305661e+08	3.766687383947483897e+08	3.766687126585214734e+08	8.109092712402343750e-03
1.800000000000000000e+01	3.786353090709329247e+08	3.786353339038259387e+08	3.786353090689749122e+08	1.958012580871582031e-03
1.900000000000000000e+01	3.807879337385242581e+08	3.807879569552608132e+08	3.807879337496790290e+08	-1.115477085113525391e-02
2.000000000000000000e+01	3.828620190133113265e+08	3.828620399884838462e+08	3.828620190178560615e+08	-4.544734954833984375e-03
2.100000000000000000e+01	3.846266925082007647e+08	3.846267107584630847e+08	3.846266925068241954e+08	1.376569271087646484e-03
2.200000000000000000e+01	3.859166349920389056e+08	3.859166501498849392e+08	3.859166349897614121e+08	2.277493476867675781e-03
2.300000000000000000e+01	3.866505705317355990e+08	3.866505823369508386e+08	3.866505705378880501e+08	-6.152451038360595703e-03
2.400000000000000000e+01	3.868355598831145167e+08	3.868355681531639099e+08	3.868355598804900646e+08	2.624452114105224609e-03
2.500000000000000000e+01	3.865579554711487293e+08	3.865579601782442927e+08	3.865579554787406325e+08	-7.591903209686279297e-03
2.600000000000000000e+01	3.859629377337842584e+08	3.859629389507949948e+08	3.859629377273882031e+08	6.396055221557617188e-03
2.700000000000000000e+01	3.852255446586029530e+08	3.852255426809176207e+08	3.852255446634988189e+08	-4.895865917205810547e-03
2.800000000000000000e+01	3.845173285846208930e+08	3.845173238630484939e+08	3.845173285858698487e+08	-1.248955726623535156e-03
2.900000000000000000e+01	3.839740261523207426e+08	3.839740193610938787e+08	3.839740261576986313e+08	-5.377888679504394531e-03
3.000000000000000000e+01	3.836702671019505262e+08	3.836702590703061819e+08	3.836702670936900973e+08	8.260428905487060547e-03
3.100000000000000000e+01	3.836066323488596082e+08	3.836066240763477683e+08	3.836066323458308578e+08	3.028750419616699219e-03
3.200000000000000000e+01	3.837120298117120862e+08	3.837120223450344801e+08	3.837120298142016530e+08	-2.489566802978515625e-03
3.300000000000000000e+01	3.838609343772084117e+08	3.838609287438732386e+08	3.838609343791165948e+08	-1.908183097839355469e-03
3.400000000000000000e+01	3.839017173989574909e+08	3.839017145368553996e+08	3.839017173951982260e+08	3.759264945983886719e-03
3.500000000000000000e+01	3.836901838504278660e+08	3.836901845472970605e+08	3.836901838450207710e+08	5.407094955444335938e-03
3.600000000000000000e+01	3.831219609199514985e+08	3.831219657504028678e+08	3.831219609183631539e+08	1.588344573974609375e-03
3.700000000000000000e+01	3.821581763425934315e+08	3.821581856187735796e+08	3.821581763436229825e+08	-1.029551029205322266e-03
3.800000000000000000e+01	3.808402251787474751e+08	3.808402389358707666e+08	3.808402251872811913e+08	-8.533716201782226562e-03
3.900000000000000000e+01	3.792908541735889912e+08	3.792908721386166215e+08	3.792908541809208989e+08	-7.331907749176025391e-03
4.000000000000000000e+01	3.777002833317912817e+08	3.777003049466208220e+08	3.777002833304525614e+08	1.338720321655273438e-03
4.100000000000000000e+01	3.762980120522853732e+08	3.762980365169447660e+08	3.762980120446320176e+08	7.653355598449707031e-03
4.200000000000000000e+01	3.753136709323979020e+08	3.753136972725036144e+08	3.753136709327584505e+08	-3.605484962463378906e-04
4.300000000000000000e+01	3.749335487222603559e+08	3.749335758426261544e+08	3.749335487167595625e+08	5.500793457031250000e-03
4.400000000000000000e+01	3.752620875612194538e+08	3.752621144184972644e+08	3.752620875705922246e+08	-9.372770786285400391e-03
4.500000000000000000e+01	3.762979705374820828e+08	3.762979961595633626e+08	3.762979705319094062e+08	5.572676658630371094e-03
4.600000000000000000e+01	3.779313133399919271e+08	3.779313370038939714e+08	3.779313133408818245e+08	-8.898973464965820312e-04
4.700000000000000000e+01	3.799626500264587402e+08	3.799626712156981826e+08	3.799626500316963792e+08	-5.237638950347900391e-03
4.800000000000000000e+01	3.821383634497262836e+08	3.821383818522022963e+08	3.821383634451095462e+08	4.616737365722656250e-03
4.900000000000000000e+01	3.841935932933150530e+08	3.841936087859371901e+08	3.841935932847250700e+08	8.589982986450195312e-03
5.000000000000000000e+01	3.858934701495140791e+08	3.858934827215085030e+08	3.858934701486448646e+08	8.692145347595214844e-04
5.100000000000000000e+01	3.870658545078188181e+08	3.870658641765143871e+08	3.870658545058169961e+08	2.001821994781494141e-03
5.200000000000000000e+01	3.876218514700297713e+08	3.876218582782489657e+08	3.876218514732968807e+08	-3.267109394073486328e-03
5.300000000000000000e+01	3.875628996285946965e+08	3.875629035993732810e+08	3.875628996242231131e+08	4.371583461761474609e-03
5.400000000000000000e+01	3.869748029630808830e+08	3.869748041589667201e+08	3.869748029596699476e+08	3.410935401916503906e-03
5.500000000000000000e+01	3.860100189682812095e+08	3.860100175080337524e+08	3.860100189698407054e+08	-1.559495925903320312e-03
5.600000000000000000e+01	3.848604084201965928e+08	3.848604045350067019e+08	3.848604084258534908e+08	-5.656898021697998047e-03
5.700000000000000000e+01	3.837238905760001540e+08	3.837238846539990306e+08	3.837238905694398284e+08	6.560325622558593750e-03
5.800000000000000000e+01	3.827699638968280554e+08	3.827699565730833411e+08	3.827699638996846676e+08	-2.856612205505371094e-03
5.900000000000000000e+01	3.821102435436656475e+08	3.821102356327583194e+08	3.821102435445309281e+08	-8.652806282043457031e-04
6.000000000000000000e+01	3.817801395898968577e+08	3.817801320965830088e+08	3.817801395918654203e+08	-1.968562602996826172e-03
6.100000000000000000e+01	3.817359501785045862e+08	3.817359441938568354e+08	3.817359501700142026e+08	8.490383625030517578e-03
6.200000000000000000e+01	3.818682153406239152e+08	3.818682119855123162e+08	3.818682153396915793e+08	9.323358535766601562e-04
6.300000000000000000e+01	3.820283227622224689e+08	3.820283230251257420e+08	3.820283227645448446e+08	-2.322375774383544922e-03
6.400000000000000000e+01	3.820624843293155432e+08	3.820624889870356917e+08	3.820624843329768181e+08	-3.661274909973144531e-03
6.500000000000000000e+01	3.818461337854017019e+08	3.818461433089010715e+08	3.818461337827171087e+08	2.684593200683593750e-03
6.600000000000000000e+01	3.813123978079013228e+08	3.813124123285295963e+08	3.813123978124381900e+08	-4.536867141723632812e-03
6.700000000000000000e+01	3.804698300326279998e+08	3.804698492591622472e+08	3.804698300270183086e+08	5.609691143035888672e-03
6.800000000000000000e+01	3.794063706732728481e+08	3.794063939661057591e+08	3.794063706793909073e+08	-6.118059158325195312e-03
6.900000000000000000e+01	3.782782744947232604e+08	3.782783008326928020e+08	3.782782744963772297e+08	-1.653969287872314453e-03
7.000000000000000000e+01	3.772847579502597451e+08	3.772847860835822821e+08	3.772847579581136107e+08	-7.853865623474121094e-03
7.100000000000000000e+01	3.766316580888894796e+08	3.766316866100738645e+08	3.766316580820560455e+08	6.833434104919433594e-03
7.200000000000000000e+01	3.764903208470121026e+08	3.764903484268764257e+08	3.764903208522012830e+08	-5.189180374145507812e-03
7.300000000000000000e+01	3.769603185073106289e+08	3.769603439706571698e+08	3.769603185162831545e+08	-8.972525596618652344e-03
7.400000000000000000e+01	3.780449799424682856e+08	3.780450024264650345e+08	3.780449799438589215e+08	-1.390635967254638672e-03
7.500000000000000000e+01	3.796461113604725599e+08	3.796461304006003737e+08	3.796461113593339920e+08	1.138567924499511719e-03
7.600000000000000000e+01	3.815791963298327923e+08	3.815792118344858289e+08	3.815791963284154534e+08	1.417338848114013672e-03
7.700000000000000000e+01	3.836048540390883684e+08	3.836048662274618149e+08	3.836048540454155207e+08	-6.327152252197265625e-03
7.800000000000000000e+01	3.854687348921011090e+08	3.854687441561747193e+08	3.854687348930671811e+08	-9.660720825195312500e-04
7.900000000000000000e+01	3.869414159827903509e+08	3.869414228169432282e+08	3.869414159954048395e+08	-1.261448860168457031e-02
8.000000000000000000e+01	3.878516156132687926e+08	3.878516204319592118e+08	3.878516156079194546e+08	5.349338054656982422e-03
8.100000000000000000e+01	3.881086931621854901e+08	3.881086963330212831e+08	3.881086931671019197e+08	-4.916429519653320312e-03
8.200000000000000000e+01	3.877126942752441764e+08	3.877126959870499372e+08	3.877126942727389932e+08	2.505183219909667969e-03
8.300000000000000000e+01	3.867516718771635890e+08	3.867516722368267179e+08	3.867516718843358755e+08	-7.172286510467529297e-03
8.400000000000000000e+01	3.853868996279287338e+08	3.853868986486163139e+08	3.853868996299523711e+08	-2.023637294769287109e-03
8.500000000000000000e+01	3.838274440868007541e+08	3.838274418250683546e+08	3.838274440920593739e+08	-5.258619785308837891e-03
8.600000000000000000e+01	3.822968544532418847e+08	3.822968510585324764e+08	3.822968544514676332e+08	1.774251461029052734e-03
8.700000000000000000e+01	3.809965207426137328e+08	3.809965165674397945e+08	3.809965207362621427e+08	6.351590156555175781e-03
8.800000000000000000e+01	3.800720007350531816e+08	3.800719963777943850e+08	3.800720007380093336e+08	-2.956151962280273438e-03
8.900000000000000000e+01	3.795892926877647638e+08	3.795892889537869692e+08	3.795892926932517290e+08	-5.486965179443359375e-03
9.000000000000000000e+01	3.795266938778328300e+08	3.795266917360160351e+08	3.795266938770193458e+08	8.134841918945312500e-04
9.100000000000000000e+01	3.797844476551551223e+08	3.797844481477890611e+08	3.797844476550633311e+08	9.179115295410156250e-05
9.200000000000000000e+01	3.802099446745521426e+08	3.802099487703670859e+08	3.802099446852913499e+08	-1.073920726776123047e-02
9.300000000000000000e+01	3.806325383841270208e+08	3.806325468003270030e+08	3.806325383778056502e+08	6.321370601654052734e-03
9.400000000000000000e+01	3.809003350352333188e+08	3.809003482046488523e+08	3.809003350316710472e+08	3.562271595001220703e-03
9.500000000000000000e+01	3.809117572696770430e+08	3.809117751850557923e+08	3.809117572652502060e+08	4.426836967468261719e-03
9.600000000000000000e+01	3.806364640012726188e+08	3.806364862121947408e+08	3.806364640055053830e+08	-4.232764244079589844e-03
9.700000000000000000e+01	3.801223918013565540e+08	3.801224173919545412e+08	3.801223918016023636e+08	-2.458095550537109375e-04
9.800000000000000000e+01	3.794877665858216882e+08	3.794877942938641906e+08	3.794877665953933597e+08	-9.571671485900878906e-03
9.900000000000000000e+01	3.788989821641923189e+08	3.788990104488356113e+08	3.788989821610932946e+08	3.099024295806884766e-03
1.000000000000000000e+02	3.785375237930787802e+08	3.785375510809319019e+08	3.785375237885212302e+08	4.557549953460693359e-03
1.010000000000000000e+02	3.785616133469859362e+08	3.785616381961309910e+08	3.785616133465950489e+08	3.908872604370117188e-04
1.020000000000000000e+02	3.790703097533192039e+08	3.790703310435241461e+08	3.790703097554969192e+08	-2.177715301513671875e-03
1.030000000000000000e+02	3.800782758804619908e+08	3.800782929489084482e+08	3.800782758721647263e+08	8.297264575958251953e-03
1.040000000000000000e+02	3.815074303799284101e+08	3.815074431201037765e+08	3.815074303793855309e+08	5.428791046142578125e-04
1.050000000000000000e+02	3.831974853149670362e+08	3.831974940832588673e+08	3.831974853164200783e+08	-1.453042030334472656e-03
1.060000000000000000e+02	3.849324830405710340e+08	3.849324885697359443e+08	3.849324830457773209e+08	-5.206286907196044922e-03
1.070000000000000000e+02	3.864768707753428817e+08	3.864768739915162325e+08	3.864768707761262059e+08	-7.833242416381835938e-04
1.080000000000000000e+02	3.876135230645194650e+08	3.876135249357916713e+08	3.876135230664770007e+08	-1.957535743713378906e-03
1.090000000000000000e+02	3.881771897886404991e+08	3.881771911498011947e+08	3.881771897880965471e+08	5.439519882202148438e-04
1.100000000000000000e+02	3.880789604474745393e+08	3.880789619108464122e+08	3.880789604498101473e+08	-2.335608005523681641e-03
1.110000000000000000e+02	3.873193587699909210e+08	3.873193606639873981e+08	3.873193587799590230e+08	-9.968101978302001953e-03
1.120000000000000000e+02	3.859890724010627270e+08	3.859890747581071854e+08	3.859890724041951895e+08	-3.132462501525878906e-03
1.130000000000000000e+02	3.842571930474875569e+08	3.842571957003543973e+08	3.842571930456842184e+08	1.803338527679443359e-03
1.140000000000000000e+02	3.823476960234026313e+08	3.823476986975944638e+08	3.823476960227123499e+08	6.902813911437988281e-04
1.150000000000000000e+02	3.805062563827836514e+08	3.805062588186516166e+08	3.805062563848777413e+08	-2.094089984893798828e-03
1.160000000000000000e+02	3.789615676155986786e+08	3.789615696956069469e+08	3.789615676137259603e+08	1.872718334197998047e-03
1.170000000000000000e+02	3.778876242923136950e+08	3.778876261696497202e+08	3.778876242980994582e+08	-5.785763263702392578e-03
1.180000000000000000e+02	3.773748071135942936e+08	3.773748092148771882e+08	3.773748071151701808e+08	-1.575887203216552734e-03
1.190000000000000000e+02	3.774167905223288536e+08	3.774167935597022176e+08	3.774167905250807405e+08	-2.751886844635009766e-03
1.200000000000000000e+02	3.779168400323274732e+08	3.779168448743602633e+08	3.779168400293445587e+08	2.982914447784423828e-03
1.210000000000000000e+02	3.787120147188683152e+08	3.787120222666315436e+08	3.787120147171110511e+08	1.757264137268066406e-03
1.220000000000000000e+02	3.796092123692517877e+08	3.796092233638271689e+08	3.796092123665810227e+08	2.670764923095703125e-03
1.230000000000000000e+02	3.804246577212258577e+08	3.804246726003824472e+08	3.804246577197985649e+08	1.427292823791503906e-03
1.240000000000000000e+02	3.810187478411815166e+08	3.810187666183100939e+08	3.810187478438126445e+08	-2.631127834320068359e-03
1.250000000000000000e+02	3.813202562861903310e+08	3.813202784837798476e+08	3.813202562894769907e+08	-3.286659717559814453e-03
1.260000000000000000e+02	3.813365158566303253e+08	3.813365405188469291e+08	3.813365158540821671e+08	2.548158168792724609e-03
1.270000000000000000e+02	3.811485726396647096e+08	3.811485984227315187e+08	3.811485726287956834e+08	1.086902618408203125e-02
1.280000000000000000e+02	3.808923431103096008e+08	3.808923684482436180e+08	3.808923431046629548e+08	5.646646022796630859e-03
1.290000000000000000e+02	3.807287896834247708e+08	3.807288129740732312e+08	3.807287896897456646e+08	-6.320893764495849609e-03
1.300000000000000000e+02	3.808081932073315978e+08	3.808082130353680849e+08	3.808081932145370245e+08	-7.205426692962646484e-03
1.310000000000000000e+02	3.812353672595711350e+08	3.812353826358137131e+08	3.812353672617098093e+08	-2.138674259185791016e-03
1.320000000000000000e+02	3.820432721232120991e+08	3.820432826362985373e+08	3.820432721187762022e+08	4.435896873474121094e-03
1.330000000000000000e+02	3.831811361575007439e+08	3.831811420291079283e+08	3.831811361515738368e+08	5.926907062530517578e-03
1.340000000000000000e+02	3.845198513957862854e+08	3.845198534261145592e+08	3.845198514030801058e+08	-7.293820381164550781e-03
1.350000000000000000e+02	3.858731446939021349e+08	3.858731440663968921e+08	3.858731446952157617e+08	-1.313626766204833984e-03
1.360000000000000000e+02	3.870294696855872273e+08	3.870294678167980313e+08	3.870294696867319942e+08	-1.144766807556152344e-03
1.370000000000000000e+02	3.877879090693132281e+08	3.877879073440124393e+08	3.877879090589473248e+08	1.036590337753295898e-02
1.380000000000000000e+02	3.879917206719933152e+08	3.879917203000688553e+08	3.879917206767537594e+08	-4.760444164276123047e-03
1.390000000000000000e+02	3.875547067282218933e+08	3.875547085231356025e+08	3.875547067384822369e+08	-1.026034355163574219e-02
1.400000000000000000e+02	3.864773263494094610e+08	3.864773306853488088e+08	3.864773263581412435e+08	-8.731782436370849609e-03
1.410000000000000000e+02	3.848508006456344724e+08	3.848508074433382750e+08	3.848508006445286274e+08	1.105844974517822266e-03
1.420000000000000000e+02	3.828483564088871479e+08	3.828483652140673399e+08	3.828483564061961174e+08	2.691030502319335938e-03
1.430000000000000000e+02	3.807036516634958982e+08	3.807036617526711226e+08	3.807036516653239727e+08	-1.828074455261230469e-03
1.440000000000000000e+02	3.786778905139092803e+08	3.786779010579789877e+08	3.786778905150855184e+08	-1.176238059997558594e-03
1.450000000000000000e+02	3.770194599275966287e+08	3.770194701962046623e+08	3.770194599227221608e+08	4.874467849731445312e-03
1.460000000000000000e+02	3.759227091957171559e+08	3.759227187546461821e+08	3.759227092011293173e+08	-5.412161350250244141e-03
1.470000000000000000e+02	3.754945049088512659e+08	3.754945136757923365e+08	3.754945049028998613e+08	5.951404571533203125e-03
1.480000000000000000e+02	3.757368505727894306e+08	3.757368589203682542e+08	3.757368505754877329e+08	-2.698302268981933594e-03
1.490000000000000000e+02	3.765503850710963011e+08	3.765503936829602718e+08	3.765503850782679319e+08	-7.171630859375000000e-03
1.500000000000000000e+02	3.777579383784204125e+08	3.777579480992677212e+08	3.777579383730171323e+08	5.403280258178710938e-03
1.510000000000000000e+02	3.791419284042984247e+08	3.791419400914394855e+08	3.791419284136899114e+08	-9.391486644744873047e-03
1.520000000000000000e+02	3.804864736720627546e+08	3.804864878920702934e+08	3.804864736692553759e+08	2.807378768920898438e-03
1.530000000000000000e+02	3.816153325901314020e+08	3.816153495611689091e+08	3.816153325995892286e+08	-9.457826614379882812e-03
1.540000000000000000e+02	3.824191807953253388e+08	3.824192001937747598e+08	3.824191807940197587e+08	1.305580139160156250e-03
1.550000000000000000e+02	3.828687546789823174e+08	3.828687757224142551e+08	3.828687546890417933e+08	-1.005947589874267578e-02
1.560000000000000000e+02	3.830129921226410270e+08	3.830130135587153435e+08	3.830129921204872727e+08	2.153754234313964844e-03
1.570000000000000000e+02	3.829632839956248403e+08	3.829633043544779420e+08	3.829632840013853312e+08	-5.760490894317626953e-03
1.580000000000000000e+02	3.828666328618221283e+08	3.828666506108490825e+08	3.828666328672138453e+08	-5.391716957092285156e-03
1.590000000000000000e+02	3.828721880714237094e+08	3.828722019047428370e+08	3.828721880726796985e+08	-1.255989074707031250e-03
1.600000000000000000e+02	3.830971655740196705e+08	3.830971746546781063e+08	3.830971655749999881e+08	-9.803175926208496094e-04
1.610000000000000000e+02	3.835989423782692552e+08	3.835989464997794628e+08	3.835989423812059760e+08	-2.936720848083496094e-03
1.620000000000000000e+02	3.843593842013113499e+08	3.843593838449802995e+08	3.843593842017181516e+08	-4.068017005920410156e-04
1.630000000000000000e+02	3.852849427936964631e+08	3.852849390748136044e+08	3.852849427879891396e+08	5.707323551177978516e-03
1.640000000000000000e+02	3.862223728943094611e+08	3.862223674071819186e+08	3.862223728957521915e+08	-1.442730426788330078e-03
1.650000000000000000e+02	3.869863801356143355e+08	3.869863746682723761e+08	3.869863801312400699e+08	4.374265670776367188e-03
1.660000000000000000e+02	3.873933436481321454e+08	3.873933399618152380e+08	3.873933436437138915e+08	4.418253898620605469e-03
1.670000000000000000e+02	3.872948892804889083e+08	3.872948888426409364e+08	3.872948892780598998e+08	2.429008483886718750e-03
1.680000000000000000e+02	3.866060633579616547e+08	3.866060671496295929e+08	3.866060633541776538e+08	3.784000873565673828e-03
1.690000000000000000e+02	3.853243214960343838e+08	3.853243299047177434e+08	3.853243214922500253e+08	3.784358501434326172e-03
1.700000000000000000e+02	3.835368405624139309e+08	3.835368533447913527e+08	3.835368405600904226e+08	2.323508262634277344e-03
1.710000000000000000e+02	3.814146343716496825e+08	3.814146507116764188e+08	3.814146343741267323e+08	-2.477049827575683594e-03
1.720000000000000000e+02	3.791929451444360018e+08	3.791929637858169079e+08	3.791929451461545229e+08	-1.718521118164062500e-03
1.730000000000000000e+02	3.771389621921240091e+08	3.771389816588742137e+08	3.771389621817597747e+08	1.036423444747924805e-02
1.740000000000000000e+02	3.755104559445933104e+08	3.755104748397472501e+08	3.755104559412536025e+08	3.339707851409912109e-03
1.750000000000000000e+02	3.745120768878452182e+08	3.745120941018531919e+08	3.745120768893628120e+08	-1.517593860626220703e-03
1.760000000000000000e+02	3.742585593014252186e+08	3.742585742275768518e+08	3.742585593005436063e+08	8.816123008728027344e-04
1.770000000000000000e+02	3.747540910882056355e+08	3.747541037201803923e+08	3.747540910833998919e+08	4.805743694305419922e-03
1.780000000000000000e+02	3.758936277039210200e+08	3.758936385948290825e+08	3.758936277084060907e+08	-4.485070705413818359e-03
1.790000000000000000e+02	3.774858595212270617e+08	3.774858695742914081e+08	3.774858595259647369e+08	-4.737675189971923828e-03
1.800000000000000000e+02	3.792915349692437053e+08	3.792915452156571150e+08	3.792915349687332511e+08	5.104541778564453125e-04
1.810000000000000000e+02	3.810675097573489547e+08	3.810675211014868021e+08	3.810675097577027678e+08	-3.538131713867187500e-04
1.820000000000000000e+02	3.826070798120911121e+08	3.826070927835307121e+08	3.826070798055276871e+08	6.563425064086914062e-03
1.830000000000000000e+02	3.837697848875517845e+08	3.837697995292013288e+08	3.837697848836461306e+08	3.905653953552246094e-03
1.840000000000000000e+02	3.844971616522631645e+08	3.844971774588935971e+08	3.844971616593794823e+08	-7.116317749023437500e-03
1.850000000000000000e+02	3.848136492298968434e+08	3.848136651871875525e+08	3.848136492315326333e+08	-1.635789871215820312e-03
1.860000000000000000e+02	3.848137357274070978e+08	3.848137505287975073e+08	3.848137357386735678e+08	-1.126646995544433594e-02
1.870000000000000000e+02	3.846378396393054724e+08	3.846378518493473530e+08	3.846378396338338256e+08	5.471646785736083984e-03
1.880000000000000000e+02	3.844407763005740047e+08	3.844407847196056247e+08	3.844407762992858887e+08	1.288115978240966797e-03
1.890000000000000000e+02	3.843580437595650554e+08	3.843580476226199865e+08	3.843580437641541362e+08	-4.589080810546875000e-03
1.900000000000000000e+02	3.844761390609642863e+08	3.844761382387555838e+08	3.844761390553749204e+08	5.589365959167480469e-03
1.910000000000000000e+02	3.848129679458051920e+08	3.848129630782151222e+08	3.848129679428741336e+08	2.931058406829833984e-03
1.920000000000000000e+02	3.853126421292539835e+08	3.853126345442100763e+08	3.853126421384376884e+08	-9.183704853057861328e-03
1.930000000000000000e+02	3.858558061781307459e+08	3.858557976906661391e+08	3.858558061804071665e+08	-2.276420593261718750e-03
1.940000000000000000e+02	3.862831127625408173e+08	3.862831054670162797e+08	3.862831127685948610e+08	-6.054043769836425781e-03
1.950000000000000000e+02	3.864268065977521539e+08	3.864268025119583011e+08	3.864268065964609981e+08	1.291155815124511719e-03
1.960000000000000000e+02	3.861443086606762409e+08	3.861443094810214043e+08	3.861443086658039093e+08	-5.127668380737304688e-03
1.970000000000000000e+02	3.853481020590850711e+08	3.853481088686034083e+08	3.853481020551776886e+08	3.907382488250732422e-03
1.980000000000000000e+02	3.840274232120640874e+08	3.840274363874022961e+08	3.840274232180429697e+08	-5.978882312774658203e-03
1.990000000000000000e+02	3.822585644657099843e+08	3.822585835470896959e+08	3.822585644628612399e+08	2.848744392395019531e-03
2.000000000000000000e+02	3.802017072912148833e+08	3.802017311002810597e+08	3.802017072903022170e+08	9.126663208007812500e-04
2.010000000000000000e+02	3.780833550538775921e+08	3.780833818038244843e+08	3.780833550429903269e+08	1.088726520538330078e-02
2.020000000000000000e+02	3.761651441935635209e+08	3.761651718026365042e+08	3.761651441879093647e+08	5.654156208038330078e-03
2.030000000000000000e+02	3.747024832477890849e+08	3.747025096366002560e+08	3.747024832532077432e+08	-5.418658256530761719e-03
2.040000000000000000e+02	3.738998138445841670e+08	3.738998372759048939e+08	3.738998138505465388e+08	-5.962371826171875000e-03
2.050000000000000000e+02	3.738720183768734932e+08	3.738720377627692819e+08	3.738720183791968226e+08	-2.323329448699951172e-03
2.060000000000000000e+02	3.746217343132004738e+08	3.746217493698503971e+08	3.746217343183184862e+08	-5.118012428283691406e-03
2.070000000000000000e+02	3.760389167887525558e+08	3.760389279970318675e+08	3.760389167969248295e+08	-8.172273635864257812e-03
2.080000000000000000e+02	3.779227795959295630e+08	3.779227880039282441e+08	3.779227795894128084e+08	6.516754627227783203e-03
2.090000000000000000e+02	3.800199698248314857e+08	3.800199768092426658e+08	3.800199698234121203e+08	1.419365406036376953e-03
2.100000000000000000e+02	3.820692685599285960e+08	3.820692754467955828e+08	3.820692685686431527e+08	-8.714556694030761719e-03
2.110000000000000000e+02	3.838432108090305328e+08	3.838432185690537691e+08	3.838432108024921417e+08	6.538391113281250000e-03
2.120000000000000000e+02	3.851796877823316455e+08	3.851796969114556909e+08	3.851796877862080932e+08	-3.876447677612304688e-03
2.130000000000000000e+02	3.859999530840741396e+08	3.859999634231383204e+08	3.859999530809304714e+08	3.143668174743652344e-03
2.140000000000000000e+02	3.863121719585925341e+08	3.863121828038684726e+08	3.863121719629298449e+08	-4.337310791015625000e-03
2.150000000000000000e+02	3.862014130998808742e+08	3.862014232862985730e+08	3.862014130923320651e+08	7.548809051513671875e-03
2.160000000000000000e+02	3.858081597906116843e+08	3.858081680059236884e+08	3.858081597916072011e+08	-9.955167770385742188e-04
2.170000000000000000e+02	3.852985424704831243e+08	3.852985474815894961e+08	3.852985424716897607e+08	-1.206636428833007812e-03
2.180000000000000000e+02	3.848307935054492354e+08	3.848307944933887720e+08	3.848307935071428418e+08	-1.693606376647949219e-03
2.190000000000000000e+02	3.845236249908713102e+08	3.845236217723131180e+08	3.845236249832659364e+08	7.605373859405517578e-03
2.200000000000000000e+02	3.844326404808133841e+08	3.844326336745567918e+08	3.844326404831742644e+08	-2.360880374908447266e-03
2.210000000000000000e+02	3.845398343798770905e+08	3.845398253255411983e+08	3.845398343784624934e+08	1.414597034454345703e-03
2.220000000000000000e+02	3.847585886355992556e+08	3.847585792773540616e+08	3.847585886337663531e+08	1.832902431488037109e-03
2.230000000000000000e+02	3.849530659110834002e+08	3.849530584992742538e+08	3.849530659112895727e+08	-2.061724662780761719e-04
2.240000000000000000e+02	3.849677486867896318e+08	3.849677454370164275e+08	3.849677486891896129e+08	-2.399981021881103516e-03
2.250000000000000000e+02	3.846610981487014890e+08	3.846611009047423005e+08	3.846610981529918313e+08	-4.290342330932617188e-03
2.260000000000000000e+02	3.839371451968343258e+08	3.839371551354711652e+08	3.839371451942628622e+08	2.571463584899902344e-03
2.270000000000000000e+02	3.827697901293001175e+08	3.827698075903840661e+08	3.827697901308521628e+08	-1.552045345306396484e-03
2.280000000000000000e+02	3.812159563668358922e+08	3.812159807361831665e+08	3.812159563702948689e+08	-3.458976745605468750e-03
2.290000000000000000e+02	3.794150796408143044e+08	3.794151094095258117e+08	3.794150796445469856e+08	-3.732681274414062500e-03
2.300000000000000000e+02	3.775737869866382480e+08	3.775738199310195446e+08	3.775737869880398512e+08	-1.401603221893310547e-03
2.310000000000000000e+02	3.759364631147307754e+08	3.759364966139663458e+08	3.759364631199079156e+08	-5.177140235900878906e-03
2.320000000000000000e+02	3.747450933055244088e+08	3.747451247122667432e+08	3.747450933004671931e+08	5.057215690612792969e-03
2.330000000000000000e+02	3.741950722410252094e+08	3.741950993613132238e+08	3.741950722473450303e+08	-6.319820880889892578e-03
2.340000000000000000e+02	3.743963766724038124e+08	3.743963980531813502e+08	3.743963766761605144e+08	-3.756701946258544922e-03
2.350000000000000000e+02	3.753498219548301101e+08	3.753498371364073753e+08	3.753498219538266063e+08	1.003503799438476562e-03
2.360000000000000000e+02	3.769449152934928536e+08	3.769449248081939220e+08	3.769449152961583138e+08	-2.665460109710693359e-03
2.370000000000000000e+02	3.789798421879372001e+08	3.789798473328866959e+08	3.789798421853601336e+08	2.577066421508789062e-03
2.380000000000000000e+02	3.811979665205628276e+08	3.811979690564448833e+08	3.811979665230548382e+08	-2.492010593414306641e-03
2.390000000000000000e+02	3.833315946765807867e+08	3.833315963997626901e+08	3.833315946743823886e+08	2.198398113250732422e-03
2.400000000000000000e+02	3.851436568247742653e+08	3.851436592474650741e+08	3.851436568236427307e+08	1.131534576416015625e-03
2.410000000000000000e+02	3.864604114583352208e+08	3.864604155214598775e+08	3.864604114543095231e+08	4.025697708129882812e-03
2.420000000000000000e+02	3.871914698699505329e+08	3.871914758245440125e+08	3.871914698664673567e+08	3.483176231384277344e-03
2.430000000000000000e+02	3.873360310069047809e+08	3.873360383984455466e+08	3.873360309987174273e+08	8.187353610992431641e-03
2.440000000000000000e+02	3.869758448783966303e+08	3.869758526999816298e+08	3.869758448746255040e+08	3.771126270294189453e-03
2.450000000000000000e+02	3.862564390827089548e+08	3.862564459845334291e+08	3.862564390768164396e+08	5.892515182495117188e-03
2.460000000000000000e+02	3.853591159273604155e+08	3.853591205638541579e+08	3.853591159308186769e+08	-3.458261489868164062e-03
2.470000000000000000e+02	3.844675063121274114e+08	3.844675076345448494e+08	3.844675063114928007e+08	6.346106529235839844e-04
2.480000000000000000e+02	3.837339106990759969e+08	3.837339082901836038e+08	3.837339106978591084e+08	1.216888427734375000e-03
2.490000000000000000e+02	3.832516228808726668e+08	3.832516171259199977e+08	3.832516228859169483e+08	-5.044281482696533203e-03
2.500000000000000000e+02	3.830390740218915343e+08	3.830390661194813251e+08	3.830390740257601738e+08	-3.868639469146728516e-03
2.510000000000000000e+02	3.830394981851016879e+08	3.830394900346366763e+08	3.830394981946583390e+08	-9.556651115417480469e-03
2.520000000000000000e+02	3.831363192839368582e+08	3.831363131660470963e+08	3.831363192850337625e+08	-1.096904277801513672e-03
2.530000000000000000e+02	3.831807963610971570e+08	3.831807946085991263e+08	3.831807963596136570e+08	1.483500003814697266e-03
2.540000000000000000e+02	3.830259411867102385e+08	3.830259457859840393e+08	3.830259411962647438e+08	-9.554505348205566406e-03
2.550000000000000000e+02	3.825599666808512807e+08	3.825599788880370259e+08	3.825599666774817109e+08	3.369569778442382812e-03
2.560000000000000000e+02	3.817332735524204969e+08	3.817332937354595065e+08	3.817332735581234097e+08	-5.702912807464599609e-03
2.570000000000000000e+02	3.805744885150799751e+08	3.805745159586196542e+08	3.805744885138836503e+08	1.196324825286865234e-03
2.580000000000000000e+02	3.791927099638125300e+08	3.791927429707049131e+08	3.791927099637628198e+08	4.971027374267578125e-05
2.590000000000000000e+02	3.777647685896466970e+08	3.777648046506870985e+08	3.777647685949167013e+08	-5.270004272460937500e-03
2.600000000000000000e+02	3.765082639614188671e+08	3.765083000837963820e+08	3.765082639563673735e+08	5.051493644714355469e-03
2.610000000000000000e+02	3.756437264947870970e+08	3.756437596971653700e+08	3.756437264879778028e+08	6.809294223785400391e-03
2.620000000000000000e+02	3.753523004155693650e+08	3.753523281880769134e+08	3.753523004167344570e+08	-1.165091991424560547e-03
2.630000000000000000e+02	3.757378269015675783e+08	3.757378476030161977e+08	3.757378269044504762e+08	-2.882897853851318359e-03
2.640000000000000000e+02	3.768025639631693959e+08	3.768025770926530361e+08	3.768025639703434706e+08	-7.174074649810791016e-03
2.650000000000000000e+02	3.784429647309370041e+08	3.784429709210277796e+08	3.784429647284905910e+08	2.446413040161132812e-03
2.660000000000000000e+02	3.804665445953891277e+08	3.804665454576293826e+08	3.804665446058565378e+08	-1.046741008758544922e-02
2.670000000000000000e+02	3.826251399610491395e+08	3.826251376314715147e+08	3.826251399599151015e+08	1.134037971496582031e-03
2.680000000000000000e+02	3.846562526470460296e+08	3.846562494229655862e+08	3.846562526393283606e+08	7.717669010162353516e-03
2.690000000000000000e+02	3.863237374345521331e+08	3.863237353368771076e+08	3.863237374325445294e+08	2.007603645324707031e-03
2.700000000000000000e+02	3.874510808788448572e+08	3.874510813049195409e+08	3.874510808769581914e+08	1.886665821075439453e-03
2.710000000000000000e+02	3.879433453192706108e+08	3.879433488705755472e+08	3.879433453110315204e+08	8.239090442657470703e-03
2.720000000000000000e+02	3.877962336251458526e+08	3.877962400748327971e+08	3.877962336125636697e+08	1.258218288421630859e-02
2.730000000000000000e+02	3.870922391727302074e+08	3.870922475849654675e+08	3.870922391823465824e+08	-9.616374969482421875e-03
2.740000000000000000e+02	3.859847622671147585e+08	3.859847711426035166e+08	3.859847622631265521e+08	3.988206386566162109e-03
2.750000000000000000e+02	3.846719641601565480e+08	3.846719718829016685e+08	3.846719641610119939e+08	-8.554458618164062500e-04
2.760000000000000000e+02	3.833634333052261472e+08	3.833634384302588105e+08	3.833634332936398983e+08	1.158624887466430664e-02
2.770000000000000000e+02	3.822444450976052284e+08	3.822444467821639180e+08	3.822444450950163007e+08	2.588927745819091797e-03
2.780000000000000000e+02	3.814441214419885874e+08	3.814441196325075030e+08	3.814441214366766214e+08	5.311965942382812500e-03
2.790000000000000000e+02	3.810141491419530511e+08	3.810141447273080349e+08	3.810141491463967562e+08	-4.443705081939697266e-03
2.800000000000000000e+02	3.809231064845605493e+08	3.809231011407648325e+08	3.809231064781818390e+08	6.378710269927978516e-03
2.810000000000000000e+02	3.810679543080050349e+08	3.810679502969856262e+08	3.810679543116744757e+08	-3.669440746307373047e-03
2.820000000000000000e+02	3.813000311220311522e+08	3.813000308250491023e+08	3.813000311265891790e+08	-4.558026790618896484e-03
2.830000000000000000e+02	3.814595554541104436e+08	3.814595609745745659e+08	3.814595554570384026e+08	-2.927958965301513672e-03
2.840000000000000000e+02	3.814112532861441374e+08	3.814112660583090186e+08	3.814112532932741046e+08	-7.129967212677001953e-03
2.850000000000000000e+02	3.810742848642198443e+08	3.810743053475096226e+08	3.810742848729552031e+08	-8.735358715057373047e-03
2.860000000000000000e+02	3.804413595285624266e+08	3.804413870707813501e+08	3.804413595333494544e+08	-4.787027835845947266e-03
2.870000000000000000e+02	3.795839529522617459e+08	3.795839858253452778e+08	3.795839529520947337e+08	1.670122146606445312e-04
2.880000000000000000e+02	3.786425002156722546e+08	3.786425358147673607e+08	3.786425002079707980e+08	7.701456546783447266e-03
2.890000000000000000e+02	3.778024640283105969e+08	3.778024992594904304e+08	3.778024640296849012e+08	-1.374304294586181641e-03
2.900000000000000000e+02	3.772595558836694956e+08	3.772595876019694805e+08	3.772595558843774796e+08	-7.079839706420898438e-04
2.910000000000000000e+02	3.771800439913499951e+08	3.771800695652273297e+08	3.771800439993506074e+08	-8.000612258911132812e-03
2.920000000000000000e+02	3.776642475372358561e+08	3.776642652568824291e+08	3.776642475348048210e+08	2.431035041809082031e-03
2.930000000000000000e+02	3.787217247447920442e+08	3.787217341486678720e+08	3.787217247363200784e+08	8.471965789794921875e-03
2.940000000000000000e+02	3.802643915220022202e+08	3.802643934235727191e+08	3.802643915216947794e+08	3.074407577514648438e-04
2.950000000000000000e+02	3.821192199876381755e+08	3.821192162423951626e+08	3.821192199906818271e+08	-3.043651580810546875e-03
2.960000000000000000e+02	3.840570331477739811e+08	3.840570262848635316e+08	3.840570331501381397e+08	-2.364158630371093750e-03
2.970000000000000000e+02	3.858303521148267984e+08	3.858303448658431172e+08	3.858303521184411049e+08	-3.614306449890136719e-03
2.980000000000000000e+02	3.872123623077985048e+08	3.872123571272825003e+08	3.872123623072836399e+08	5.148649215698242188e-04
2.990000000000000000e+02	3.880304308983915448e+08	3.880304296028938293e+08	3.880304308997459412e+08	-1.354396343231201172e-03
3.000000000000000000e+02	3.881899388242187500e+08	3.881899423208817840e+08	3.881899388196126819e+08	4.606068134307861328e-03
3.010000000000000000e+02	3.876863090407896638e+08	3.876863172734948993e+08	3.876863090458759665e+08	-5.086302757263183594e-03
3.020000000000000000e+02	3.866045204461092949e+08	3.866045324124860168e+08	3.866045204489463568e+08	-2.837061882019042969e-03
3.030000000000000000e+02	3.851062644376259446e+08	3.851062784469771385e+08	3.851062644384562373e+08	-8.302927017211914062e-04
3.040000000000000000e+02	3.834057603131913543e+08	3.834057743181329966e+08	3.834057603126335144e+08	5.578398704528808594e-04
3.050000000000000000e+02	3.817366013333976269e+08	3.817366133510938287e+08	3.817366013311759233e+08	2.221703529357910156e-03
3.060000000000000000e+02	3.803139813737458587e+08	3.803139899264973402e+08	3.803139813787513971e+08	-5.005538463592529297e-03
3.070000000000000000e+02	3.792987335684661269e+08	3.792987380042664409e+08	3.792987335695865750e+08	-1.120448112487792969e-03
3.080000000000000000e+02	3.787706881713008881e+08	3.787706888823884726e+08	3.787706881725071669e+08	-1.206278800964355469e-03
3.090000000000000000e+02	3.787177913779147863e+08	3.787177897440144420e+08	3.787177913774017692e+08	5.130171775817871094e-04
3.100000000000000000e+02	3.790439427842955589e+08	3.790439409293393493e+08	3.790439427850160003e+08	-7.204413414001464844e-04
3.110000000000000000e+02	3.795936945783053637e+08	3.795936949471850395e+08	3.795936945792124271e+08	-9.070634841918945312e-04
3.120000000000000000e+02	3.801877471322394609e+08	3.801877520132153034e+08	3.801877471334915757e+08	-1.252114772796630859e-03
3.130000000000000000e+02	3.806611295573298335e+08	3.806611406276984215e+08	3.806611295594065785e+08	-2.076745033264160156e-03
3.140000000000000000e+02	3.808963486896407604e+08	3.808963666802974939e+08	3.808963487022509575e+08	-1.261019706726074219e-02
3.150000000000000000e+02	3.808457777879604697e+08	3.808458022597712278e+08	3.808457777889406681e+08	-9.801983833312988281e-04
3.160000000000000000e+02	3.805400136347042918e+08	3.805400430455822349e+08	3.805400136308831573e+08	3.821134567260742188e-03
3.170000000000000000e+02	3.800812008601086736e+08	3.800812327414214015e+08	3.800812008644873500e+08	-4.378676414489746094e-03
3.180000000000000000e+02	3.796223736127591729e+08	3.796224049154014587e+08	3.796223736178643703e+08	-5.105197429656982422e-03
3.190000000000000000e+02	3.793359692263880372e+08	3.793359968411101699e+08	3.793359692272797823e+08	-8.917450904846191406e-04
3.200000000000000000e+02	3.793768900587996244e+08	3.793769113598623276e+08	3.793768900563417673e+08	2.457857131958007812e-03
3.210000000000000000e+02	3.798473356996092796e+08	3.798473490250915289e+08	3.798473357033137679e+08	-3.704488277435302734e-03
3.220000000000000000e+02	3.807711344407935143e+08	3.807711393735581636e+08	3.807711344412248135e+08	-4.312992095947265625e-04
3.230000000000000000e+02	3.820836467096188068e+08	3.820836441777675748e+08	3.820836467113239169e+08	-1.705110073089599609e-03
3.240000000000000000e+02	3.836395988801926970e+08	3.836395909531271458e+08	3.836395988833376765e+08	-3.144979476928710938e-03
3.250000000000000000e+02	3.852367080780350566e+08	3.852366975763681531e+08	3.852367080761953592e+08	1.839697360992431641e-03
3.260000000000000000e+02	3.866494432589879036e+08	3.866494332690457106e+08	3.866494432519361377e+08	7.051765918731689453e-03
3.270000000000000000e+02	3.876658773882919550e+08	3.876658707639698386e+08	3.876658773921034932e+08	-3.811538219451904297e-03
3.280000000000000000e+02	3.881212538664633036e+08	3.881212527509190440e+08	3.881212538702426553e+08	-3.779351711273193359e-03
3.290000000000000000e+02	3.879236661753443480e+08	3.879236717215965986e+08	3.879236661681235433e+08	7.220804691314697266e-03
3.300000000000000000e+02	3.870690827697926164e+08	3.870690950216825604e+08	3.870690827685480714e+08	1.244544982910156250e-03
3.310000000000000000e+02	3.856442717753545046e+08	3.856442896370251179e+08	3.856442717693830729e+08	5.971431732177734375e-03
3.320000000000000000e+02	3.838170406841987371e+08	3.838170621609824300e+08	3.838170406790192127e+08	5.179524421691894531e-03
3.330000000000000000e+02	3.818140748497812748e+08	3.818140973879159093e+08	3.818140748540515900e+08	-4.270315170288085938e-03
3.340000000000000000e+02	3.798880883333434463e+08	3.798881092633401752e+08	3.798880883338871002e+08	-5.436539649963378906e-04
3.350000000000000000e+02	3.782782391923077703e+08	3.782782562833089232e+08	3.782782391967161298e+08	-4.408359527587890625e-03
3.360000000000000000e+02	3.771703714378946424e+08	3.771703833199626803e+08	3.771703714425262809e+08	-4.631638526916503906e-03
3.370000000000000000e+02	3.766654152028340101e+08	3.766654216724996567e+08	3.766654152098293304e+08	-6.995320320129394531e-03
3.380000000000000000e+02	3.767637427752708793e+08	3.767637448244383931e+08	3.767637427782996893e+08	-3.028810024261474609e-03
3.390000000000000000e+02	3.773697979433948994e+08	3.773697975588948131e+08	3.773697979472472072e+08	-3.852307796478271484e-03
3.400000000000000000e+02	3.783158970200126171e+08	3.783158967307305932e+08	3.783158970173385739e+08	2.674043178558349609e-03
3.410000000000000000e+02	3.793990158956316710e+08	3.793990182696253657e+08	3.793990158988246918e+08	-3.193020820617675781e-03
3.420000000000000000e+02	3.804216921425784826e+08	3.804216992257854939e+08	3.804216921446443796e+08	-2.065896987915039062e-03
3.430000000000000000e+02	3.812284465882064104e+08	3.812284595182515979e+08	3.812284465875948071e+08	6.116032600402832031e-04
3.440000000000000000e+02	3.817314272811511159e+08	3.817314460552954078e+08	3.817314272853633761e+08	-4.212260246276855469e-03
3.450000000000000000e+02	3.819218699817402363e+08	3.819218934001733661e+08	3.819218699805977345e+08	1.142501831054687500e-03
3.460000000000000000e+02	3.818665137583727241e+08	3.818665396354798675e+08	3.818665137572802305e+08	1.092493534088134766e-03
3.470000000000000000e+02	3.816901420011311769e+08	3.816901674998598695e+08	3.816901419925360084e+08	8.595168590545654297e-03
3.480000000000000000e+02	3.815472272028002739e+08	3.815472493715880513e+08	3.815472272060190439e+08	-3.218770027160644531e-03
3.490000000000000000e+02	3.815874671967638731e+08	3.815874834670305252e+08	3.815874672047150135e+08	-7.951140403747558594e-03
3.500000000000000000e+02	3.819215795270735621e+08	3.819215882371946573e+08	3.819215795297279954e+08	-2.654433250427246094e-03
3.510000000000000000e+02	3.825943676486344337e+08	3.825943684029441476e+08	3.825943676482696533e+08	3.647804260253906250e-04
3.520000000000000000e+02	3.835710319082500339e+08	3.835710256698223352e+08	3.835710319038150907e+08	4.434943199157714844e-03
3.530000000000000000e+02	3.847398231801831722e+08	3.847398121313501000e+08	3.847398231785282493e+08	1.654922962188720703e-03
3.540000000000000000e+02	3.859302456375619173e+08	3.859302327916278243e+08	3.859302456366299391e+08	9.319782257080078125e-04
3.550000000000000000e+02	3.869425365500087142e+08	3.869425252524352074e+08	3.869425365478774905e+08	2.131223678588867188e-03
3.560000000000000000e+02	3.875822625824369788e+08	3.875822559765048027e+08	3.875822625865184665e+08	-4.081487655639648438e-03
3.570000000000000000e+02	3.876938358641012311e+08	3.876938363806247115e+08	3.876938358700917363e+08	-5.990505218505859375e-03
3.580000000000000000e+02	3.871879600608395338e+08	3.871879690572685599e+08	3.871879600610812306e+08	-2.416968345642089844e-04
3.590000000000000000e+02	3.860595606102671623e+08	3.860595781819381118e+08	3.860595606130669117e+08	-2.799749374389648438e-03
3.600000000000000000e+02	3.843940129930024147e+08	3.843940379262017608e+08	3.843940129992480278e+08	-6.245613098144531250e-03
3.610000000000000000e+02	3.823603792358498573e+08	3.823604091780613065e+08	3.823603792383978367e+08	-2.547979354858398438e-03
3.620000000000000000e+02	3.801912852204320431e+08	3.801913170587338805e+08	3.801912852235876322e+08	-3.155589103698730469e-03
3.630000000000000000e+02	3.781505953010777235e+08	3.781506256508060694e+08	3.781505952955748439e+08	5.502879619598388672e-03
3.640000000000000000e+02	3.764925096194646358e+08	3.764925354544121623e+08	3.764925096165948510e+08	2.869784832000732422e-03
3.650000000000000000e+02	3.754187653316944242e+08	3.754187845276207328e+08	3.754187653410916328e+08	-9.397208690643310547e-03
3.660000000000000000e+02	3.750429796339480281e+08	3.750429913467823863e+08	3.750429796385574341e+08	-4.609405994415283203e-03
3.670000000000000000e+02	3.753710936764644980e+08	3.753710985206839442e+08	3.753710936787638664e+08	-2.299368381500244141e-03
3.680000000000000000e+02	3.763034006969271898e+08	3.763034005483887792e+08	3.763034007006999850e+08	-3.772795200347900391e-03
3.690000000000000000e+02	3.776576984400177002e+08	3.776576959848112464e+08	3.776576984413223267e+08	-1.304626464843750000e-03
3.700000000000000000e+02	3.792072690403587818e+08	3.792072671978613734e+08	3.792072690399714112e+08	3.873705863952636719e-04
3.710000000000000000e+02	3.807241689569925666e+08	3.807241702853322625e+08	3.807241689638457894e+08	-6.853222846984863281e-03
3.720000000000000000e+02	3.820185109735715985e+08	3.820185171408857703e+08	3.820185109640632868e+08	9.508311748504638672e-03
3.730000000000000000e+02	3.829669989928573966e+08	3.829670105538915396e+08	3.829669989887312055e+08	4.126191139221191406e-03
3.740000000000000000e+02	3.835272251162584424e+08	3.835272413750416636e+08	3.835272251270996928e+08	-1.084125041961669922e-02
3.750000000000000000e+02	3.837369750065134168e+08	3.837369941432074308e+08	3.837369750135057569e+08	-6.992340087890625000e-03
3.760000000000000000e+02	3.836997527465472221e+08	3.836997722114565372e+08	3.836997527553820014e+08	-8.834779262542724609e-03
3.770000000000000000e+02	3.835592604663418531e+08	3.835592774307428002e+08	3.835592604694162011e+08	-3.074347972869873047e-03
3.780000000000000000e+02	3.834670245359891653e+08	3.834670364820512533e+08	3.834670245438131094e+08	-7.823944091796875000e-03
3.790000000000000000e+02	3.835487451160148382e+08	3.835487503238940835e+08	3.835487451166459322e+08	-6.310939788818359375e-04
3.800000000000000000e+02	3.838757627679023147e+08	3.838757607465354800e+08	3.838757627684762478e+08	-5.739331245422363281e-04
3.810000000000000000e+02	3.844475791467624903e+08	3.844475707747436762e+08	3.844475791503649950e+08	-3.602504730224609375e-03
3.820000000000000000e+02	3.851892645851324201e+08	3.851892520014169216e+08	3.851892645813418031e+08	3.790616989135742188e-03
3.830000000000000000e+02	3.859642498247459531e+08	3.859642361224415898e+08	3.859642498244196177e+08	3.263354301452636719e-04
3.840000000000000000e+02	3.865995528297691941e+08	3.865995415127839446e+08	3.865995528293541670e+08	4.150271415710449219e-04
3.850000000000000000e+02	3.869181253339941502e+08	3.869181197591846585e+08	3.869181253319134116e+08	2.080738544464111328e-03
3.860000000000000000e+02	3.867722800650063157e+08	3.867722829131111503e+08	3.867722800757558346e+08	-1.074951887130737305e-02
3.870000000000000000e+02	3.860728029010550380e+08	3.860728156921521425e+08	3.860728029051963687e+08	-4.141330718994140625e-03
3.880000000000000000e+02	3.848096200616617799e+08	3.848096429340600967e+08	3.848096200568162203e+08	4.845559597015380859e-03
3.890000000000000000e+02	3.830611217221406698e+08	3.830611533634318709e+08	3.830611217289020419e+08	-6.761372089385986328e-03
3.900000000000000000e+02	3.809902313556503057e+08	3.809902690831168890e+08	3.809902313553102612e+08	3.400444984436035156e-04
3.910000000000000000e+02	3.788263438779031634e+08	3.788263840690781474e+08	3.788263438800098896e+08	-2.106726169586181641e-03
3.920000000000000000e+02	3.768338946295359135e+08	3.768339332325848937e+08	3.768338946260410547e+08	3.494858741760253906e-03
3.930000000000000000e+02	3.752709624252079725e+08	3.752709956666424274e+08	3.752709624215839505e+08	3.624022006988525391e-03
3.940000000000000000e+02	3.743446593809952736e+08	3.743446844265968800e+08	3.743446593841590881e+08	-3.163814544677734375e-03
3.950000000000000000e+02	3.741728033897441626e+08	3.741728188396619558e+08	3.741728033882988691e+08	1.445293426513671875e-03
3.960000000000000000e+02	3.747616075492556095e+08	3.747616136941217184e+08	3.747616075491812229e+08	7.438659667968750000e-05
3.970000000000000000e+02	3.760056829861484170e+08	3.760056816361040473e+08	3.760056829758545756e+08	1.029384136199951172e-02
3.980000000000000000e+02	3.777104005127785802e+08	3.777103945943952799e+08	3.777104005116186738e+08	1.159906387329101562e-03
3.990000000000000000e+02	3.796303443142527342e+08	3.796303371727559566e+08	3.796303443165574670e+08	-2.304732799530029297e-03
4.000000000000000000e+02	3.815140142920728326e+08	3.815140090401535034e+08	3.815140142903924584e+08	1.680374145507812500e-03
4.010000000000000000e+02	3.831450603326638937e+08	3.831450592982889414e+08	3.831450603351085782e+08	-2.444684505462646484e-03
4.020000000000000000e+02	3.843730582485711575e+08	3.843730625630651116e+08	3.843730582419158816e+08	6.655275821685791016e-03
4.030000000000000000e+02	3.851302730142247081e+08	3.851302825167640448e+08	3.851302730086234808e+08	5.601227283477783203e-03
4.040000000000000000e+02	3.854336648366091847e+08	3.854336781499351859e+08	3.854336648441017866e+08	-7.492601871490478516e-03
4.050000000000000000e+02	3.853732531288494468e+08	3.853732679396714568e+08	3.853732531335213184e+08	-4.671871662139892578e-03
4.060000000000000000e+02	3.850892311782469153e+08	3.850892447505302429e+08	3.850892311742157936e+08	4.031121730804443359e-03
4.070000000000000000e+02	3.847414099027065635e+08	3.847414196536052227e+08	3.847414099028438926e+08	-1.373291015625000000e-04
4.080000000000000000e+02	3.844758328252704144e+08	3.844758368527065516e+08	3.844758328267796040e+08	-1.509189605712890625e-03
4.090000000000000000e+02	3.843944203662257791e+08	3.843944179156251550e+08	3.843944203699731231e+08	-3.747344017028808594e-03
4.100000000000000000e+02	3.845335970314183831e+08	3.845335887261284590e+08	3.845335970369234085e+08	-5.505025386810302734e-03
4.110000000000000000e+02	3.848564644971879721e+08	3.848564523029004335e+08	3.848564644999268651e+08	-2.738893032073974609e-03
4.120000000000000000e+02	3.852602633543109298e+08	3.852602502957842350e+08	3.852602633596701622e+08	-5.359232425689697266e-03
4.130000000000000000e+02	3.855974466460603476e+08	3.855974362887902260e+08	3.855974466500524282e+08	-3.992080688476562500e-03
4.140000000000000000e+02	3.857058564933410287e+08	3.857058523575137854e+08	3.857058564981640577e+08	-4.823029041290283203e-03
4.150000000000000000e+02	3.854420895125721097e+08	3.854420944627492428e+08	3.854420895137808919e+08	-1.208782196044921875e-03
4.160000000000000000e+02	3.847122195935053229e+08	3.847122353469024301e+08	3.847122195899076462e+08	3.597676753997802734e-03
4.170000000000000000e+02	3.834950551651841998e+08	3.834950819564976096e+08	3.834950551611125469e+08	4.071652889251708984e-03
4.180000000000000000e+02	3.818543601559693217e+08	3.818543966041822433e+08	3.818543601543591022e+08	1.610219478607177734e-03
4.190000000000000000e+02	3.799376219649302363e+08	3.799376651879503727e+08	3.799376219673532248e+08	-2.422988414764404297e-03
4.200000000000000000e+02	3.779601631625939012e+08	3.779602091348717213e+08	3.779601631617909670e+08	8.029341697692871094e-04
4.210000000000000000e+02	3.761751600080283284e+08	3.761752041701198816e+08	3.761751600054198503e+08	2.608478069305419922e-03
4.220000000000000000e+02	3.748328546662560701e+08	3.748328926652339101e+08	3.748328546679625511e+08	-1.706480979919433594e-03
4.230000000000000000e+02	3.741356779408797622e+08	3.741357063748837709e+08	3.741356779390757680e+08	1.803994178771972656e-03
4.240000000000000000e+02	3.741988673711622357e+08	3.741988844212017059e+08	3.741988673661683202e+08	4.993915557861328125e-03
4.250000000000000000e+02	3.750265674777631164e+08	3.750265732105419040e+08	3.750265674829257131e+08	-5.162596702575683594e-03
4.260000000000000000e+02	3.765100992511065006e+08	3.765100954805706739e+08	3.765100992487426400e+08	2.363860607147216797e-03
4.270000000000000000e+02	3.784488694888653755e+08	3.784488593912896514e+08	3.784488694991496801e+08	-1.028430461883544922e-02
4.280000000000000000e+02	3.805879853312996030e+08	3.805879726759873629e+08	3.805879853261139393e+08	5.185663700103759766e-03
4.290000000000000000e+02	3.826629002450186014e+08	3.826628887545484900e+08	3.826629002497025728e+08	-4.683971405029296875e-03
4.300000000000000000e+02	3.844414006580918431e+08	3.844413932611131668e+08	3.844414006513329744e+08	6.758868694305419922e-03
4.310000000000000000e+02	3.857558854919496179e+08	3.857558839612653255e+08	3.857558854950482845e+08	-3.098666667938232422e-03
4.320000000000000000e+02	3.865222869379981756e+08	3.865222916049907207e+08	3.865222869371764660e+08	8.217096328735351562e-04
4.330000000000000000e+02	3.867447308535790443e+08	3.867447407088398337e+08	3.867447308586097956e+08	-5.030751228332519531e-03
4.340000000000000000e+02	3.865067740124901533e+08	3.865067869396284223e+08	3.865067740194116235e+08	-6.921470165252685547e-03
4.350000000000000000e+02	3.859511440061838031e+08	3.859511572433011532e+08	3.859511440013883710e+08	4.795432090759277344e-03
4.360000000000000000e+02	3.852509074360618591e+08	3.852509181898149252e+08	3.852509074334347248e+08	2.627134323120117188e-03
4.370000000000000000e+02	3.845762049432838559e+08	3.845762109549199343e+08	3.845762049465307593e+08	-3.246903419494628906e-03
4.380000000000000000e+02	3.840619327730306983e+08	3.840619328429054022e+08	3.840619327815342546e+08	-8.503556251525878906e-03
4.390000000000000000e+02	3.837823848389238119e+08	3.837823791369726658e+08	3.837823848345123529e+08	4.411458969116210938e-03
4.400000000000000000e+02	3.837381636832113862e+08	3.837381538571696281e+08	3.837381636869783998e+08	-3.767013549804687500e-03
4.410000000000000000e+02	3.838583472569419146e+08	3.838583361270917058e+08	3.838583472631640434e+08	-6.222128868103027344e-03
4.420000000000000000e+02	3.840174996059538722e+08	3.840174907071647644e+08	3.840174996057386398e+08	2.152323722839355469e-04
4.430000000000000000e+02	3.840638056777840257e+08	3.840638026562097073e+08	3.840638056817328930e+08	-3.948867321014404297e-03
4.440000000000000000e+02	3.838525003647696972e+08	3.838525062909573913e+08	3.838525003688648343e+08	-4.095137119293212891e-03
4.450000000000000000e+02	3.832782717987264991e+08	3.832782886146438122e+08	3.832782718022323251e+08	-3.505825996398925781e-03
4.460000000000000000e+02	3.823010928720604777e+08	3.823011209815829396e+08	3.823010928719820380e+08	7.843971252441406250e-05
4.470000000000000000e+02	3.809612728035951257e+08	3.809613109027587771e+08	3.809612728024681807e+08	1.126945018768310547e-03
4.480000000000000000e+02	3.793809255526875854e+08	3.793809707108649015e+08	3.793809255536603928e+08	-9.728074073791503906e-04
4.490000000000000000e+02	3.777505094973722100e+08	3.777505575135667920e+08	3.777505094978859425e+08	-5.137324333190917969e-04
4.500000000000000000e+02	3.763009822498737574e+08	3.763010282683843970e+08	3.763009822417471409e+08	8.126616477966308594e-03
4.510000000000000000e+02	3.752648022622674704e+08	3.752648415977446437e+08	3.752648022658471465e+08	-3.579676151275634766e-03
4.520000000000000000e+02	3.748322933515629768e+08	3.748323222476409674e+08	3.748322933481054306e+08	3.457546234130859375e-03
4.530000000000000000e+02	3.751126328038581014e+08	3.751126491884247661e+08	3.751126328117236495e+08	-7.865548133850097656e-03
4.540000000000000000e+02	3.761091854320525527e+08	3.761091892133525014e+08	3.761091854424299002e+08	-1.037734746932983398e-02
4.550000000000000000e+02	3.777159073327981234e+08	3.777159003705576658e+08	3.777159073332821727e+08	-4.840493202209472656e-04
4.560000000000000000e+02	3.797357419672699571e+08	3.797357276518324018e+08	3.797357419630582929e+08	4.211664199829101562e-03
4.570000000000000000e+02	3.819158021195380092e+08	3.819157846423122287e+08	3.819158021079975367e+08	1.154047250747680664e-02
4.580000000000000000e+02	3.839903697676156759e+08	3.839903533544179797e+08	3.839903697617967725e+08	5.818903446197509766e-03
4.590000000000000000e+02	3.857224526443564892e+08	3.857224408082404733e+08	3.857224526396609545e+08	4.695534706115722656e-03
4.600000000000000000e+02	3.869369352917964458e+08	3.869369303305131197e+08	3.869369352889331579e+08	2.863287925720214844e-03
4.610000000000000000e+02	3.875414885884150863e+08	3.875414912919802666e+08	3.875414885817864537e+08	6.628632545471191406e-03
4.620000000000000000e+02	3.875339866769916415e+08	3.875339963266790509e+08	3.875339866759160757e+08	1.075565814971923828e-03
4.630000000000000000e+02	3.869967994491795301e+08	3.869968140146301389e+08	3.869967994522315264e+08	-3.051996231079101562e-03
4.640000000000000000e+02	3.860792954242941737e+08	3.860793120039635301e+08	3.860792954264943600e+08	-2.200186252593994141e-03
4.650000000000000000e+02	3.849707808290252090e+08	3.849707962405149937e+08	3.849707808264491558e+08	2.576053142547607422e-03
4.660000000000000000e+02	3.838673184890319705e+08	3.838673299315186143e+08	3.838673184900108576e+08	-9.788870811462402344e-04
4.670000000000000000e+02	3.829373606909652948e+08	3.829373663297665715e+08	3.829373606980938315e+08	-7.128536701202392578e-03
4.680000000000000000e+02	3.822923045313657522e+08	3.822923039156472087e+08	3.822923045295097828e+08	1.855969429016113281e-03
4.690000000000000000e+02	3.819680595093499422e+08	3.819680537689935565e+08	3.819680595074948668e+08	1.855075359344482422e-03
4.700000000000000000e+02	3.819219017709118128e+08	3.819218934158036709e+08	3.819219017660772204e+08	4.834592342376708984e-03
4.710000000000000000e+02	3.820455091200217009e+08	3.820455016083273888e+08	3.820455091194565892e+08	5.651116371154785156e-04
4.720000000000000000e+02	3.821912518657166362e+08	3.821912489399225116e+08	3.821912518701048493e+08	-4.388213157653808594e-03
4.730000000000000000e+02	3.822059470579667091e+08	3.822059520242868066e+08	3.822059470509421229e+08	7.024586200714111328e-03
4.740000000000000000e+02	3.819651887939962745e+08	3.819652039261943698e+08	3.819651887901064754e+08	3.889799118041992188e-03
4.750000000000000000e+02	3.814019286472453475e+08	3.814019546741936803e+08	3.814019286535722613e+08	-6.326913833618164062e-03
4.760000000000000000e+02	3.805244756108470559e+08	3.805245114706730843e+08	3.805244756127902269e+08	-1.943171024322509766e-03
4.770000000000000000e+02	3.794208241329749823e+08	3.794208670666263103e+08	3.794208241344951987e+08	-1.520216464996337891e-03
4.780000000000000000e+02	3.782479683666134477e+08	3.782480142426260114e+08	3.782479683642113805e+08	2.402067184448242188e-03
4.790000000000000000e+02	3.772068454700152874e+08	3.772068894135175347e+08	3.772068454601387978e+08	9.876489639282226562e-03
4.800000000000000000e+02	3.765060854415456057e+08	3.765061226633333564e+08	3.765060854380884171e+08	3.457188606262207031e-03
4.810000000000000000e+02	3.763207026467419863e+08	3.763207292640225887e+08	3.763207026421681046e+08	4.573881626129150391e-03
4.820000000000000000e+02	3.767543262980616689e+08	3.767543400927421451e+08	3.767543262983557582e+08	-2.940893173217773438e-04
4.830000000000000000e+02	3.778140626465463638e+08	3.778140634590543509e+08	3.778140626541122198e+08	-7.565855979919433594e-03
4.840000000000000000e+02	3.794045570827379823e+08	3.794045467879385352e+08	3.794045570774133205e+08	5.324661731719970703e-03
4.850000000000000000e+02	3.813427358780427575e+08	3.813427180392509699e+08	3.813427358817242384e+08	-3.681480884552001953e-03
4.860000000000000000e+02	3.833891094734686613e+08	3.833890885638190508e+08	3.833891094708913565e+08	2.577304840087890625e-03
4.870000000000000000e+02	3.852877966476911902e+08	3.852877773025148511e+08	3.852877966550604701e+08	-7.369279861450195312e-03
4.880000000000000000e+02	3.868067284007626772e+08	3.868067145883665085e+08	3.868067284033275843e+08	-2.564907073974609375e-03
4.890000000000000000e+02	3.877712287650005817e+08	3.877712232378755808e+08	3.877712287644155622e+08	5.850195884704589844e-04
4.900000000000000000e+02	3.880868555239524841e+08	3.880868594481669068e+08	3.880868555258649588e+08	-1.912474632263183594e-03
4.910000000000000000e+02	3.877497300281935930e+08	3.877497428744279742e+08	3.877497300287630558e+08	-5.694627761840820312e-04
4.920000000000000000e+02	3.868441004227914810e+08	3.868441201364506483e+08	3.868441004143904448e+08	8.401036262512207031e-03
4.930000000000000000e+02	3.855277853017901778e+08	3.855278087300981879e+08	3.855277852988590598e+08	2.931118011474609375e-03
4.940000000000000000e+02	3.840069875958350301e+08	3.840070110429404974e+08	3.840069875986024737e+08	-2.767443656921386719e-03
4.950000000000000000e+02	3.825032303189507723e+08	3.825032502515563965e+08	3.825032303167328835e+08	2.217888832092285156e-03
4.960000000000000000e+02	3.812169203566197157e+08	3.812169341376662850e+08	3.812169203639179468e+08	-7.298231124877929688e-03
4.970000000000000000e+02	3.802937677316715717e+08	3.802937741112791300e+08	3.802937677258459926e+08	5.825579166412353516e-03
4.980000000000000000e+02	3.798009704148371816e+08	3.798009698829131722e+08	3.798009704097558260e+08	5.081355571746826172e-03
4.990000000000000000e+02	3.797187878380202651e+08	3.797187824970337152e+08	3.797187878288777471e+08	9.142518043518066406e-03
5.000000000000000000e+02	3.799497619893274903e+08	3.799497551724416018e+08	3.799497619857631922e+08	3.564298152923583984e-03
5.010000000000000000e+02	3.803434688366672397e+08	3.803434644139731526e+08	3.803434688344452977e+08	2.221941947937011719e-03
5.020000000000000000e+02	3.807309884302914739e+08	3.807309900465160608e+08	3.807309884201907516e+08	1.010072231292724609e-02
5.030000000000000000e+02	3.809615434734933376e+08	3.809615538633992076e+08	3.809615434812198281e+08	-7.726490497589111328e-03
5.040000000000000000e+02	3.809341296091129780e+08	3.809341499627366066e+08	3.809341296124441624e+08	-3.331184387207031250e-03
5.050000000000000000e+02	3.806186845357660651e+08	3.806187142685119510e+08	3.806186845282838345e+08	7.482230663299560547e-03
5.060000000000000000e+02	3.800634848873248696e+08	3.800635216561465859e+08	3.800634848836959600e+08	3.628909587860107422e-03
5.070000000000000000e+02	3.793875218498150706e+08	3.793875618467445970e+08	3.793875218542258143e+08	-4.410743713378906250e-03
5.080000000000000000e+02	3.787586468137432337e+08	3.787586853685677648e+08	3.787586468145514727e+08	-8.082389831542968750e-04
5.090000000000000000e+02	3.783605715675923824e+08	3.783606039943193793e+08	3.783605715755358934e+08	-7.943511009216308594e-03
5.100000000000000000e+02	3.783543436088688374e+08	3.783543660247541666e+08	3.783543436068359017e+08	2.032935619354248047e-03
5.110000000000000000e+02	3.788420445404222608e+08	3.788420546713269353e+08	3.788420445379023552e+08	2.519905567169189453e-03
5.120000000000000000e+02	3.798410206528242230e+08	3.798410182576680183e+08	3.798410206526443362e+08	1.798868179321289062e-04
5.130000000000000000e+02	3.812750181078776717e+08	3.812750050312907696e+08	3.812750181057208180e+08	2.156853675842285156e-03
5.140000000000000000e+02	3.829843700226041079e+08	3.829843498515008688e+08	3.829843700209706426e+08	1.633465290069580078e-03
5.150000000000000000e+02	3.847524240612483025e+08	3.847524014473804235e+08	3.847524240614262223e+08	-1.779198646545410156e-04
5.160000000000000000e+02	3.863417296038809419e+08	3.863417094431654215e+08	3.863417296062566638e+08	-2.375721931457519531e-03
5.170000000000000000e+02	3.875323118288419843e+08	3.875322984531533122e+08	3.875323118315930367e+08	-2.751052379608154297e-03
5.180000000000000000e+02	3.881554166057849526e+08	3.881554131134380102e+08	3.881554165986233950e+08	7.161557674407958984e-03
5.190000000000000000e+02	3.881182552376896143e+08	3.881182630861474276e+08	3.881182552339788675e+08	3.710746765136718750e-03
5.200000000000000000e+02	3.874173471119655967e+08	3.874173659096718431e+08	3.874173471174538136e+08	-5.488216876983642578e-03
5.210000000000000000e+02	3.861394848641796708e+08	3.861395124569638968e+08	3.861394848667863607e+08	-2.606689929962158203e-03
5.220000000000000000e+02	3.844502308780905604e+08	3.844502637429696918e+08	3.844502308805952668e+08	-2.504706382751464844e-03
5.230000000000000000e+02	3.825706943284482360e+08	3.825707281450678110e+08	3.825706943273664713e+08	1.081764698028564453e-03
5.240000000000000000e+02	3.807446694104698896e+08	3.807446998187760711e+08	3.807446693991425633e+08	1.132732629776000977e-02
5.250000000000000000e+02	3.792002353951739073e+08	3.792002588232027888e+08	3.792002353909284472e+08	4.245460033416748047e-03
5.260000000000000000e+02	3.781121784096495509e+08	3.781121927100430131e+08	3.781121783990733624e+08	1.057618856430053711e-02
5.270000000000000000e+02	3.775729785825985670e+08	3.775729835114498734e+08	3.775729785796588659e+08	2.939701080322265625e-03
5.280000000000000000e+02	3.775793550276310444e+08	3.775793522372286320e+08	3.775793550295430422e+08	-1.911997795104980469e-03
5.290000000000000000e+02	3.780380088165947795e+08	3.780380015028445125e+08	3.780380088170936704e+08	-4.988908767700195312e-04
5.300000000000000000e+02	3.787892357402627468e+08	3.787892279681781530e+08	3.787892357368732095e+08	3.389537334442138672e-03
5.310000000000000000e+02	3.796425152268985510e+08	3.796425110923752189e+08	3.796425152201017737e+08	6.796777248382568359e-03
5.320000000000000000e+02	3.804157862194519043e+08	3.804157890442544222e+08	3.804157862218813896e+08	-2.429485321044921875e-03
5.330000000000000000e+02	3.809703430212973356e+08	3.809703546685749888e+08	3.809703430140312314e+08	7.266104221343994141e-03
5.340000000000000000e+02	3.812352948150357604e+08	3.812353153878298998e+08	3.812352948136232495e+08	1.412510871887207031e-03
5.350000000000000000e+02	3.812181108995822072e+08	3.812181386357731223e+08	3.812181108937958479e+08	5.786359310150146484e-03
5.360000000000000000e+02	3.810001375145888925e+08	3.810001691199055910e+08	3.810001375174754858e+08	-2.886593341827392578e-03
5.370000000000000000e+02	3.807180230416440964e+08	3.807180542176299095e+08	3.807180230402947664e+08	1.349329948425292969e-03
5.380000000000000000e+02	3.805339943280729651e+08	3.805340206071281433e+08	3.805339943307015896e+08	-2.628624439239501953e-03
5.390000000000000000e+02	3.806000282470734715e+08	3.806000458216916323e+08	3.806000282464123368e+08	6.611347198486328125e-04
5.400000000000000000e+02	3.810227809527908564e+08	3.810227874813006520e+08	3.810227809586826563e+08	-5.891799926757812500e-03
5.410000000000000000e+02	3.818368082683694363e+08	3.818368033450530171e+08	3.818368082686606646e+08	-2.912282943725585938e-04
5.420000000000000000e+02	3.829922976086304188e+08	3.829922829264078736e+08	3.829922976062324643e+08	2.397954463958740234e-03
5.430000000000000000e+02	3.843601861199521422e+08	3.843601651677587628e+08	3.843601861141300201e+08	5.822122097015380859e-03
5.440000000000000000e+02	3.857532249557095170e+08	3.857532024134799242e+08	3.857532249555086493e+08	2.008676528930664062e-04
5.450000000000000000e+02	3.869579287547499537e+08	3.869579096596262455e+08	3.869579287541068792e+08	6.430745124816894531e-04
5.460000000000000000e+02	3.877706458957268596e+08	3.877706348296850324e+08	3.877706458983380795e+08	-2.611219882965087891e-03
5.470000000000000000e+02	3.880313205102468133e+08	3.880313208528530598e+08	3.880313205101243854e+08	1.224279403686523438e-04
5.480000000000000000e+02	3.876500841076821089e+08	3.876500975300201178e+08	3.876500841066104174e+08	1.071691513061523438e-03
5.490000000000000000e+02	3.866235907165858746e+08	3.866236169118215442e+08	3.866235907189967036e+08	-2.410829067230224609e-03
5.500000000000000000e+02	3.850393652720846534e+08	3.850394019609193802e+08	3.850393652686084509e+08	3.476202487945556641e-03
5.510000000000000000e+02	3.830673400674640536e+08	3.830673833432629704e+08	3.830673400653584003e+08	2.105653285980224609e-03
5.520000000000000000e+02	3.809386336957597136e+08	3.809386785991172791e+08	3.809386337042126656e+08	-8.452951908111572266e-03
5.530000000000000000e+02	3.789130482053958178e+08	3.789130895002381206e+08	3.789130482063646913e+08	-9.688735008239746094e-04
5.540000000000000000e+02	3.772390298102364540e+08	3.772390629409206510e+08	3.772390298095506430e+08	6.858110427856445312e-04
5.550000000000000000e+02	3.761125879207397699e+08	3.761126098123499155e+08	3.761125879127057195e+08	8.034050464630126953e-03
5.560000000000000000e+02	3.756436938851279616e+08	3.756437035593922138e+08	3.756436938965362310e+08	-1.140826940536499023e-02
5.570000000000000000e+02	3.758384254471118450e+08	3.758384240790814757e+08	3.758384254386289716e+08	8.482873439788818359e-03
5.580000000000000000e+02	3.766017739157387018e+08	3.766017646538528204e+08	3.766017739122650027e+08	3.473699092864990234e-03
5.590000000000000000e+02	3.777604929531162977e+08	3.777604801277828813e+08	3.777604929490335584e+08	4.082739353179931641e-03
5.600000000000000000e+02	3.790999737486349344e+08	3.790999620073410273e+08	3.790999737500851750e+08	-1.450240612030029297e-03
5.610000000000000000e+02	3.804061372560761571e+08	3.804061306215416789e+08	3.804061372503417134e+08	5.734443664550781250e-03
5.620000000000000000e+02	3.815034534124161005e+08	3.815034545955455303e+08	3.815034534203708768e+08	-7.954776287078857422e-03
5.630000000000000000e+02	3.822825118211526275e+08	3.822825216920354962e+08	3.822825118213459849e+08	-1.933574676513671875e-04
5.640000000000000000e+02	3.827135543599003553e+08	3.827135719121366739e+08	3.827135543665104508e+08	-6.610095500946044922e-03
5.650000000000000000e+02	3.828449924913851619e+08	3.828450150131266117e+08	3.828449924961184263e+08	-4.733264446258544922e-03
5.660000000000000000e+02	3.827879426301783323e+08	3.827879662572793961e+08	3.827879426215736270e+08	8.604705333709716797e-03
5.670000000000000000e+02	3.826895257578269243e+08	3.826895462630540133e+08	3.826895257517861724e+08	6.040751934051513672e-03
5.680000000000000000e+02	3.826993824645227790e+08	3.826993960749443769e+08	3.826993824625275731e+08	1.995205879211425781e-03
5.690000000000000000e+02	3.829354266178072691e+08	3.829354308303182125e+08	3.829354266233037710e+08	-5.496501922607421875e-03
5.700000000000000000e+02	3.834556779184396863e+08	3.834556720537293553e+08	3.834556779196000099e+08	-1.160323619842529297e-03
5.710000000000000000e+02	3.842423056321727633e+08	3.842422910722184777e+08	3.842423056258658767e+08	6.306886672973632812e-03
5.720000000000000000e+02	3.852014946407475471e+08	3.852014746440054178e+08	3.852014946407380700e+08	9.477138519287109375e-06
5.730000000000000000e+02	3.861790327389543653e+08	3.861790118531147242e+08	3.861790327400606275e+08	-1.106262207031250000e-03
5.740000000000000000e+02	3.869879404614022374e+08	3.869879237532306314e+08	3.869879404543055892e+08	7.096648216247558594e-03
5.750000000000000000e+02	3.874422660956384540e+08	3.874422583197051883e+08	3.874422660967760086e+08	-1.137554645538330078e-03
5.760000000000000000e+02	3.873907898680164814e+08	3.873907946191104054e+08	3.873907898628687263e+08	5.147755146026611328e-03
5.770000000000000000e+02	3.867453663341742754e+08	3.867453854858340621e+08	3.867453663251893520e+08	8.984923362731933594e-03
5.780000000000000000e+02	3.855001197290328741e+08	3.855001530771618485e+08	3.855001197339720130e+08	-4.939138889312744141e-03
5.790000000000000000e+02	3.837390169314695001e+08	3.837390620862674117e+08	3.837390169312450886e+08	2.244114875793457031e-04
5.800000000000000000e+02	3.816303160258445740e+08	3.816303687326638699e+08	3.816303160201251507e+08	5.719423294067382812e-03
5.810000000000000000e+02	3.794073574124285579e+08	3.794074121226428747e+08	3.794073574082171321e+08	4.211425781250000000e-03
5.820000000000000000e+02	3.773366965681864619e+08	3.773367472801522613e+08	3.773366965699380040e+08	-1.751542091369628906e-03
5.830000000000000000e+02	3.756770580274186730e+08	3.756770992854484916e+08	3.756770580311421156e+08	-3.723442554473876953e-03
5.840000000000000000e+02	3.746357187099972963e+08	3.746357465754237771e+08	3.746357187009470463e+08	9.050250053405761719e-03
5.850000000000000000e+02	3.743314512527969480e+08	3.743314640671148300e+08	3.743314512506307960e+08	2.166152000427246094e-03
5.860000000000000000e+02	3.747732894216405749e+08	3.747732880174598098e+08	3.747732894194992781e+08	2.141296863555908203e-03
5.870000000000000000e+02	3.758610384086893797e+08	3.758610258963033557e+08	3.758610384128386974e+08	-4.149317741394042969e-03
5.880000000000000000e+02	3.774074763056303263e+08	3.774074573379528522e+08	3.774074763081802130e+08	-2.549886703491210938e-03
5.890000000000000000e+02	3.791761635512898564e+08	3.791761433698899746e+08	3.791761635495482683e+08	1.741588115692138672e-03
5.900000000000000000e+02	3.809253286047073007e+08	3.809253120307170153e+08	3.809253285991955400e+08	5.511760711669921875e-03
5.910000000000000000e+02	3.824483522233785391e+08	3.824483428180939555e+08	3.824483522194943428e+08	3.884196281433105469e-03
5.920000000000000000e+02	3.836039208368504643e+08	3.836039203445066810e+08	3.836039208333384991e+08	3.511965274810791016e-03
5.930000000000000000e+02	3.843321975103030205e+08	3.843322056703227758e+08	3.843321975040521026e+08	6.250917911529541016e-03
5.940000000000000000e+02	3.846561133220136762e+08	3.846561280555421114e+08	3.846561133311340809e+08	-9.120404720306396484e-03
5.950000000000000000e+02	3.846688081297358871e+08	3.846688259600590467e+08	3.846688081322646141e+08	-2.528727054595947266e-03
5.960000000000000000e+02	3.845096871788269281e+08	3.845097040213884711e+08	3.845096871774752736e+08	1.351654529571533203e-03
5.970000000000000000e+02	3.843329399019766450e+08	3.843329518972743750e+08	3.843329399024649262e+08	-4.882812500000000000e-04
5.980000000000000000e+02	3.842737657236907482e+08	3.842737700654802918e+08	3.842737657295494676e+08	-5.858719348907470703e-03
5.990000000000000000e+02	3.844185444800891280e+08	3.844185400465763211e+08	3.844185444775391221e+08	2.550005912780761719e-03
6.000000000000000000e+02	3.847850526268318295e+08	3.847850403482331634e+08	3.847850526351717710e+08	-8.339941501617431641e-03
6.010000000000000000e+02	3.853170639096567035e+08	3.853170465995370150e+08	3.853170638989829421e+08	1.067376136779785156e-02
6.020000000000000000e+02	3.858945156377853751e+08	3.858944976284573674e+08	3.858945156356500983e+08	2.135276794433593750e-03
6.030000000000000000e+02	3.863568854239844084e+08	3.863568717273056507e+08	3.863568854285442829e+08	-4.559874534606933594e-03
6.040000000000000000e+02	3.865347473840864301e+08	3.865347428241440058e+08	3.865347473779524565e+08	6.133973598480224609e-03
6.050000000000000000e+02	3.862834002630407810e+08	3.862834086682038307e+08	3.862834002588477731e+08	4.193007946014404297e-03
6.060000000000000000e+02	3.855128684989991784e+08	3.855128919684547782e+08	3.855128685021059513e+08	-3.106772899627685547e-03
6.070000000000000000e+02	3.842097857879717946e+08	3.842098242414744496e+08	3.842097857917948365e+08	-3.823041915893554688e-03
6.080000000000000000e+02	3.824479760270127058e+08	3.824480270854502320e+08	3.824479760268335938e+08	1.791119575500488281e-04
6.090000000000000000e+02	3.803856517892355323e+08	3.803857109944865704e+08	3.803856517863572240e+08	2.878308296203613281e-03
6.100000000000000000e+02	3.782482710620928407e+08	3.782483324509671926e+08	3.782482710660269260e+08	-3.934085369110107422e-03
6.110000000000000000e+02	3.762977567705070972e+08	3.762978137306342721e+08	3.762977567685225606e+08	1.984536647796630859e-03
6.120000000000000000e+02	3.747914035518389940e+08	3.747914499580852389e+08	3.747914035594201088e+08	-7.581114768981933594e-03
6.130000000000000000e+02	3.739371253817774057e+08	3.739371566219944954e+08	3.739371253802371621e+08	1.540243625640869141e-03
6.140000000000000000e+02	3.738544809525993466e+08	3.738544948310528994e+08	3.738544809502764940e+08	2.322852611541748047e-03
6.150000000000000000e+02	3.745512777543641329e+08	3.745512748356230259e+08	3.745512777554996610e+08	-1.135528087615966797e-03
6.160000000000000000e+02	3.759222808995910883e+08	3.759222643103902340e+08	3.759222809027728438e+08	-3.181755542755126953e-03
6.170000000000000000e+02	3.777704110460812449e+08	3.777703857797307372e+08	3.777704110568543077e+08	-1.077306270599365234e-02
6.180000000000000000e+02	3.798444865038031340e+08	3.798444583685801029e+08	3.798444865064510107e+08	-2.647876739501953125e-03
6.190000000000000000e+02	3.818838622946673632e+08	3.818838368689382076e+08	3.818838622960489392e+08	-1.381576061248779297e-03
6.200000000000000000e+02	3.836602867489159107e+08	3.836602684167359471e+08	3.836602867492412925e+08	-3.253817558288574219e-04
6.210000000000000000e+02	3.850099006885972619e+08	3.850098920014458299e+08	3.850099006821433902e+08	6.453871726989746094e-03
6.220000000000000000e+02	3.858516711914398074e+08	3.858516726206371188e+08	3.858516711973161101e+08	-5.876302719116210938e-03
6.230000000000000000e+02	3.861913167023550868e+08	3.861913266571124196e+08	3.861913166942338943e+08	8.121192455291748047e-03
6.240000000000000000e+02	3.861115865582284927e+08	3.861116019003100395e+08	3.861115865575053096e+08	7.231831550598144531e-04
6.250000000000000000e+02	3.857509682160994411e+08	3.857509848642485142e+08	3.857509682080378532e+08	8.061587810516357422e-03
6.260000000000000000e+02	3.852740302868924141e+08	3.852740441419759393e+08	3.852740302932283282e+08	-6.335914134979248047e-03
6.270000000000000000e+02	3.848379105279656053e+08	3.848379182754613161e+08	3.848379105328987837e+08	-4.933178424835205078e-03
6.280000000000000000e+02	3.845606529501824379e+08	3.845606528416337967e+08	3.845606529465876818e+08	3.594756126403808594e-03
6.290000000000000000e+02	3.844975113565570712e+08	3.844975036502603889e+08	3.844975113493202329e+08	7.236838340759277344e-03
6.300000000000000000e+02	3.846302867254787683e+08	3.846302737190933228e+08	3.846302867275885344e+08	-2.109766006469726562e-03
6.310000000000000000e+02	3.848721351408634186e+08	3.848721207503498197e+08	3.848721351304003596e+08	1.046305894851684570e-02
6.320000000000000000e+02	3.850867814909030199e+08	3.850867706209231019e+08	3.850867814933037162e+08	-2.400696277618408203e-03
6.330000000000000000e+02	3.851179279709475040e+08	3.851179255238391161e+08	3.851179279665627480e+08	4.384756088256835938e-03
6.340000000000000000e+02	3.848228634364167452e+08	3.848228734669582248e+08	3.848228634321991801e+08	4.217565059661865234e-03
6.350000000000000000e+02	3.841041091698366404e+08	3.841041340632889867e+08	3.841041091615846157e+08	8.252024650573730469e-03
6.360000000000000000e+02	3.829338887100591063e+08	3.829339286648039222e+08	3.829338887012422085e+08	8.816897869110107422e-03
6.370000000000000000e+02	3.813675660325685143e+08	3.813676188468901515e+08	3.813675660300270915e+08	2.541422843933105469e-03
6.380000000000000000e+02	3.795435130918070078e+08	3.795435743142787814e+08	3.795435130896543860e+08	2.152621746063232422e-03
6.390000000000000000e+02	3.776682087749000192e+08	3.776682722691827416e+08	3.776682087638764381e+08	1.102358102798461914e-02
6.400000000000000000e+02	3.759871729642940760e+08	3.759872318517888784e+08	3.759871729690775871e+08	-4.783511161804199219e-03
6.410000000000000000e+02	3.747449960555905104e+08	3.747450437777575254e+08	3.747449960587367415e+08	-3.146231174468994141e-03
6.420000000000000000e+02	3.741410289975785017e+08	3.741410605404374003e+08	3.741410289975464344e+08	3.206729888916015625e-05
6.430000000000000000e+02	3.742900807104592919e+08	3.742900935239587426e+08	3.742900807083529830e+08	2.106308937072753906e-03
6.440000000000000000e+02	3.751979234806163907e+08	3.751979179353646040e+08	3.751979234781875610e+08	2.428829669952392578e-03
6.450000000000000000e+02	3.767583249215307832e+08	3.767583041573960781e+08	3.767583249081319571e+08	1.339882612228393555e-02
6.460000000000000000e+02	3.787723864609573483e+08	3.787723557514766455e+08	3.787723864660874605e+08	-5.130112171173095703e-03
6.470000000000000000e+02	3.809847322180591226e+08	3.809846978291847110e+08	3.809847322142828703e+08	3.776252269744873047e-03
6.480000000000000000e+02	3.831273167941985726e+08	3.831272849329426289e+08	3.831273167895298004e+08	4.668772220611572266e-03
6.490000000000000000e+02	3.849614058337119222e+08	3.849613815939185619e+08	3.849614058303853869e+08	3.326535224914550781e-03
6.500000000000000000e+02	3.863106922350787520e+08	3.863106788743798137e+08	3.863106922345658541e+08	5.128979682922363281e-04
6.510000000000000000e+02	3.870817291882193685e+08	3.870817277462578416e+08	3.870817291788085699e+08	9.410798549652099609e-03
6.520000000000000000e+02	3.872705094150058627e+08	3.872705187645261884e+08	3.872705094195547700e+08	-4.548907279968261719e-03
6.530000000000000000e+02	3.869556971684544086e+08	3.869557142855327129e+08	3.869556971630504727e+08	5.403935909271240234e-03
6.540000000000000000e+02	3.862800608809035420e+08	3.862800815729033351e+08	3.862800608774194717e+08	3.484070301055908203e-03
6.550000000000000000e+02	3.854226312614032626e+08	3.854226509769755006e+08	3.854226312667558789e+08	-5.352616310119628906e-03
6.560000000000000000e+02	3.845653733163964152e+08	3.845653880499978065e+08	3.845653733103250861e+08	6.071329116821289062e-03
6.570000000000000000e+02	3.838595875812738538e+08	3.838595947866731882e+08	3.838595875921495557e+08	-1.087570190429687500e-02
6.580000000000000000e+02	3.833982107026709318e+08	3.833982097730407119e+08	3.833982107122524977e+08	-9.581565856933593750e-03
6.590000000000000000e+02	3.831998350208051801e+08	3.831998275165758133e+08	3.831998350140934587e+08	6.711721420288085938e-03
6.600000000000000000e+02	3.832081586350668669e+08	3.832081480445038676e+08	3.832081586305122972e+08	4.554569721221923828e-03
6.610000000000000000e+02	3.833071096825363636e+08	3.833071007035665512e+08	3.833071096764643192e+08	6.072044372558593750e-03
6.620000000000000000e+02	3.833482490159859061e+08	3.833482466697002649e+08	3.833482490101532936e+08	5.832612514495849609e-03
6.630000000000000000e+02	3.831845331175202727e+08	3.831845417647176385e+08	3.831845331185551882e+08	-1.034915447235107422e-03
6.640000000000000000e+02	3.827037434216805696e+08	3.827037658703269958e+08	3.827037434243422151e+08	-2.661645412445068359e-03
6.650000000000000000e+02	3.818556070780140162e+08	3.818556439580795765e+08	3.818556070688709021e+08	9.143114089965820312e-03
6.660000000000000000e+02	3.806681088112929463e+08	3.806681583282558322e+08	3.806681088076527715e+08	3.640174865722656250e-03
6.670000000000000000e+02	3.792501076054630876e+08	3.792501656035237908e+08	3.792501076043104529e+08	1.152634620666503906e-03
6.680000000000000000e+02	3.777789908278099895e+08	3.777790513458492756e+08	3.777789908330335021e+08	-5.223512649536132812e-03
6.690000000000000000e+02	3.764740228278025985e+08	3.764740789771168232e+08	3.764740228259755969e+08	1.827001571655273438e-03
6.700000000000000000e+02	3.755586168905768394e+08	3.755586620454405546e+08	3.755586168855667710e+08	5.010068416595458984e-03
6.710000000000000000e+02	3.752178302574793696e+08	3.752178592503491044e+08	3.752178302618700266e+08	-4.390656948089599609e-03
6.720000000000000000e+02	3.755599464878769517e+08	3.755599565635999441e+08	3.755599464893642068e+08	-1.487255096435546875e-03
6.730000000000000000e+02	3.765914855250182152e+08	3.765914769044994116e+08	3.765914855242897868e+08	7.284283638000488281e-04
6.740000000000000000e+02	3.782122634915259480e+08	3.782122392780776024e+08	3.782122634806846380e+08	1.084131002426147461e-02
6.750000000000000000e+02	3.802317420944074392e+08	3.802317076704069972e+08	3.802317420931541920e+08	1.253247261047363281e-03
6.760000000000000000e+02	3.824020904446722269e+08	3.824020523821225166e+08	3.824020904387037754e+08	5.968451499938964844e-03
6.770000000000000000e+02	3.844596424055793881e+08	3.844596073592485785e+08	3.844596424057633877e+08	-1.839995384216308594e-04
6.780000000000000000e+02	3.861658996054748297e+08	3.861658731936501861e+08	3.861658995991628170e+08	6.312012672424316406e-03
6.790000000000000000e+02	3.873411976285559535e+08	3.873411836740677953e+08	3.873411976315714717e+08	-3.015518188476562500e-03
6.800000000000000000e+02	3.878870145540143251e+08	3.878870145614881516e+08	3.878870145530287027e+08	9.856224060058593750e-04
6.810000000000000000e+02	3.877953376933323145e+08	3.877953508035180569e+08	3.877953376924454570e+08	8.868575096130371094e-04
6.820000000000000000e+02	3.871450596150955558e+08	3.871450828551548123e+08	3.871450596160153747e+08	-9.198188781738281250e-04
6.830000000000000000e+02	3.860863112231483459e+08	3.860863400941597819e+08	3.860863112187224030e+08	4.425942897796630859e-03
6.840000000000000000e+02	3.848145256883879304e+08	3.848145550304779410e+08	3.848145256816471815e+08	6.740748882293701172e-03
6.850000000000000000e+02	3.835373051205195785e+08	3.835373300807089806e+08	3.835373051110005975e+08	9.518980979919433594e-03
6.860000000000000000e+02	3.824388377584612966e+08	3.824388547674463391e+08	3.824388377665576935e+08	-8.096396923065185547e-03
6.870000000000000000e+02	3.816481153505332470e+08	3.816481227925167680e+08	3.816481153555994034e+08	-5.066156387329101562e-03
6.880000000000000000e+02	3.812175599724152088e+08	3.812175585857441425e+08	3.812175599733089805e+08	-8.937716484069824219e-04
6.890000000000000000e+02	3.811171003432916999e+08	3.811170930648299456e+08	3.811171003465276361e+08	-3.235936164855957031e-03
6.900000000000000000e+02	3.812453046802243590e+08	3.812452960263996124e+08	3.812453046844688654e+08	-4.244506359100341797e-03
6.910000000000000000e+02	3.814550066839715838e+08	3.814550018314877748e+08	3.814550066891367435e+08	-5.165159702301025391e-03
6.920000000000000000e+02	3.815875344824315906e+08	3.815875382049382329e+08	3.815875344803967476e+08	2.034842967987060547e-03
6.930000000000000000e+02	3.815082344840819836e+08	3.815082502051247358e+08	3.815082344865424633e+08	-2.460479736328125000e-03
6.940000000000000000e+02	3.811364874315047860e+08	3.811365164536616802e+08	3.811364874275048375e+08	3.999948501586914062e-03
6.950000000000000000e+02	3.804650776923009753e+08	3.804651188664979935e+08	3.804650776857935190e+08	6.507456302642822266e-03
6.960000000000000000e+02	3.795657653988555670e+08	3.795658151605557799e+08	3.795657653914909363e+08	7.364630699157714844e-03
6.970000000000000000e+02	3.785798439109458327e+08	3.785798967792930007e+08	3.785798439144328237e+08	-3.486990928649902344e-03
6.980000000000000000e+02	3.776944764070419669e+08	3.776945258164795637e+08	3.776944764008560181e+08	6.185948848724365234e-03
6.990000000000000000e+02	3.771079865141578317e+08	3.771080260253843069e+08	3.771079865158078074e+08	-1.649975776672363281e-03
7.000000000000000000e+02	3.769899710997824073e+08	3.769899955339544415e+08	3.769899710923611522e+08	7.421255111694335938e-03
7.010000000000000000e+02	3.774443432551445365e+08	3.774443497748787999e+08	3.774443432509090900e+08	4.235446453094482422e-03
7.020000000000000000e+02	3.784839184898824692e+08	3.784839071391398907e+08	3.784839184845593572e+08	5.323112010955810547e-03
7.030000000000000000e+02	3.800229519568932056e+08	3.800229256909473538e+08	3.800229519510288835e+08	5.864322185516357422e-03
7.040000000000000000e+02	3.818894422718423605e+08	3.818894064026293755e+08	3.818894422761341333e+08	-4.291772842407226562e-03
7.050000000000000000e+02	3.838538034149078131e+08	3.838537645998314023e+08	3.838538034139708877e+08	9.369254112243652344e-04
7.060000000000000000e+02	3.856668393012931943e+08	3.856668044414227009e+08	3.856668393090533614e+08	-7.760167121887207031e-03
7.070000000000000000e+02	3.870989930661319494e+08	3.870989681310340762e+08	3.870989930597549677e+08	6.376981735229492188e-03
7.080000000000000000e+02	3.879741956522375345e+08	3.879741848658732772e+08	3.879741956460182667e+08	6.219267845153808594e-03
7.090000000000000000e+02	3.881940049447464347e+08	3.881940101768246293e+08	3.881940049466772079e+08	-1.930773258209228516e-03
7.100000000000000000e+02	3.877498946610412002e+08	3.877499152089306116e+08	3.877498946526311040e+08	8.410096168518066406e-03
7.110000000000000000e+02	3.867229994706157446e+08	3.867230322961899042e+08	3.867229994665952921e+08	4.020452499389648438e-03
7.120000000000000000e+02	3.852715071021915078e+08	3.852715473180772662e+08	3.852715071038022637e+08	-1.610755920410156250e-03
7.130000000000000000e+02	3.836067360538176894e+08	3.836067777680372596e+08	3.836067360570330620e+08	-3.215372562408447266e-03
7.140000000000000000e+02	3.819602615650526285e+08	3.819602989227568507e+08	3.819602615644192696e+08	6.333589553833007812e-04
7.150000000000000000e+02	3.805463864070417881e+08	3.805464146706725955e+08	3.805463863993963599e+08	7.645428180694580078e-03
7.160000000000000000e+02	3.795263018932918310e+08	3.795263183629896045e+08	3.795263018939531446e+08	-6.613135337829589844e-04
7.170000000000000000e+02	3.789813656157453656e+08	3.789813701036167741e+08	3.789813656112979054e+08	4.447460174560546875e-03
7.180000000000000000e+02	3.789019118373574615e+08	3.789019067202496529e+08	3.789019118395357132e+08	-2.178251743316650391e-03
7.190000000000000000e+02	3.791946143529137969e+08	3.791946039975693822e+08	3.791946143588032722e+08	-5.889475345611572266e-03
7.200000000000000000e+02	3.797066773528583646e+08	3.797066671773327589e+08	3.797066773492299318e+08	3.628432750701904297e-03
