cut,rank,tau,K,noise_scale,U,toff,beta,sigma
0.01,67,2.0,1.0,1.114913690669302,2.761699592456782e-10,275.30054074177065,-1.4415861958536256e-10,8.025715728684672e-11
0.01,67,2.0,10.0,1.114913690669302,1.6681555401652117e-09,104.34942814305832,8.24256965198929e-12,8.510754921204317e-11
0.01,67,5.0,1.0,1.114913690669302,2.853032398516555e-10,278.69512200862357,-1.3786948993024803e-10,8.963273607747421e-11
0.01,67,5.0,10.0,1.114913690669302,1.8364284799304634e-09,109.37340841800062,4.3460636314473024e-11,9.359623430528096e-11
0.01,67,18.0,1.0,1.114913690669302,2.9107280891452047e-10,295.12489534019164,-1.33704997094155e-10,9.567029981613766e-11
0.01,67,18.0,10.0,1.114913690669302,1.959204617338265e-09,122.54438373338989,5.281381863036638e-11,9.982169465001302e-11
0.01,67,52.0,1.0,1.114913690669302,3.637499528104827e-10,317.93648145344315,-1.541427709762311e-10,1.2741404927154595e-10
0.01,67,52.0,10.0,1.114913690669302,2.5771884090105903e-09,146.9853688547308,7.885621185427029e-11,1.3125507599626716e-10
0.01,67,200.0,1.0,1.114913690669302,9.889472101316898e-10,185.1404622941575,4.1066020865597803e-10,3.515026510520632e-10
0.01,67,200.0,10.0,1.114913690669302,7.089462241377685e-09,174.61726036691348,2.819133574853994e-10,3.606145936329123e-10
0.01,67,500.0,1.0,1.114913690669302,2.385686061905899e-09,22.404236361229177,-9.635973169500272e-10,8.642970079281746e-10
0.01,67,500.0,10.0,1.114913690669302,1.7196047367620467e-08,19.00965509437627,-7.294817670699699e-10,8.743306019973625e-10
0.001,71,2.0,1.0,1.114889768983298,2.793831092772613e-10,273.6711417336813,-1.4637782808106554e-10,8.08614360297291e-11
0.001,71,2.0,10.0,1.114889768983298,1.6795275232327852e-09,104.34942814305832,5.513351507450536e-12,8.568998072763769e-11
0.001,71,5.0,1.0,1.114889768983298,2.8843426419591983e-10,277.06572300053415,-1.3963759720908786e-10,9.04613577851734e-11
0.001,71,5.0,10.0,1.114889768983298,1.8517269823967827e-09,109.37340841800062,4.224137469856264e-11,9.438315032907616e-11
0.001,71,18.0,1.0,1.114889768983298,2.932924158490794e-10,293.4954963321022,-1.3424011935262675e-10,9.669413665244741e-11
0.001,71,18.0,10.0,1.114889768983298,1.976121553505937e-09,122.54438373338989,5.2520227539670576e-11,1.0068754947004725e-10
0.001,71,52.0,1.0,1.114889768983298,3.6685485028183463e-10,316.3070824453537,-1.5475101474888645e-10,1.2893014360193434e-10
0.001,71,52.0,10.0,1.114889768983298,2.600308439647164e-09,146.9853688547308,7.91687064877417e-11,1.3243493336608943e-10
0.001,71,200.0,1.0,1.114889768983298,9.955436825751902e-10,9.301152671176961,-4.071395826935117e-10,3.5763175003956133e-10
0.001,71,200.0,10.0,1.114889768983298,7.155212296375536e-09,174.61726036691348,2.857785963403576e-10,3.639492728288316e-10
0.001,71,500.0,1.0,1.114889768983298,2.4145194424167716e-09,15.81874870353454,-9.84444660652398e-10,8.691876968120811e-10
0.001,71,500.0,10.0,1.114889768983298,1.7355428759271496e-08,19.00965509437627,-7.405133117301016e-10,8.82398665122924e-10
0.0001,80,2.0,1.0,1.1150834570120136,6.271097183712207e-10,171.63002885208292,3.995602253130189e-10,1.3834026890274626e-10
0.0001,80,2.0,10.0,1.1150834570120136,3.4358669817972056e-09,175.90720124831756,-2.1669718030706047e-10,1.739610835748117e-10
0.0001,80,5.0,1.0,1.1150834570120136,1.3214966513720836e-09,178.07973325910342,8.450087546355326e-10,2.8968407214419185e-10
0.0001,80,5.0,10.0,1.1150834570120136,8.033643385848276e-09,179.16599926449638,-1.4473804837189538e-10,4.096317144090013e-10
0.0001,80,18.0,1.0,1.1150834570120136,2.3865519830490638e-09,27.36032501083442,-1.5398091925864715e-09,5.14783064333732e-10
0.0001,80,18.0,10.0,1.1150834570120136,1.3496187123711704e-08,192.20119132921153,9.216990842613094e-10,6.824135825533554e-10
0.0001,80,52.0,1.0,1.1150834570120136,3.4198305514612683e-09,215.55591044515953,2.067781268529404e-09,8.219875985803569e-10
0.0001,80,52.0,10.0,1.1150834570120136,1.81536652298664e-08,216.8458513265636,1.3569265984272308e-09,9.162630153591913e-10
0.0001,80,200.0,1.0,1.1150834570120136,9.685612743523017e-09,243.2556935826792,5.831439034372189e-09,2.34317123760864e-09
0.0001,80,200.0,10.0,1.1150834570120136,5.0365606880482625e-08,244.6135260894204,4.1751175193411946e-09,2.535713472034351e-09
0.0001,80,500.0,1.0,1.1150834570120136,2.3489070108371124e-08,251.4026886231262,1.4087199022609402e-08,5.71593175851712e-09
0.0001,80,500.0,10.0,1.1150834570120136,1.2181294068879425e-07,252.76052112986736,9.917569349199409e-09,6.135727482317202e-09
1e-06,90,2.0,1.0,1.1151339333390928,6.538728638904939e-10,174.07412736421702,-3.7983937720557635e-10,1.6660053013366697e-10
1e-06,90,2.0,10.0,1.1151339333390928,3.5336059985042156e-09,174.27780224022817,-2.5855204990869987e-10,1.7843147149221186e-10
1e-06,90,5.0,1.0,1.1151339333390928,1.530056874658301e-09,179.03021601382224,-7.532925191269999e-10,4.722373451390941e-10
1e-06,90,5.0,10.0,1.1151339333390928,9.673498473449483e-09,179.16599926449638,-4.5377191329856457e-10,4.914670458669219e-10
1e-06,90,18.0,1.0,1.1151339333390928,5.2644748164453655e-09,192.20119132921153,2.6433936898358915e-09,1.5935009107200916e-09
1e-06,90,18.0,10.0,1.1151339333390928,3.165714055932812e-08,192.20119132921153,2.6433936898358915e-09,1.5935009107200916e-09
1e-06,90,52.0,1.0,1.1151339333390928,9.526473683387235e-09,214.87699419178892,5.997390648970725e-09,2.1455301411545005e-09
1e-06,90,52.0,10.0,1.1151339333390928,4.488271266208678e-08,215.2164523184742,5.179708243779993e-09,2.2311206914560207e-09
1e-06,90,200.0,1.0,1.1151339333390928,2.7298501788492907e-08,242.50888570397157,1.7545570290455276e-08,5.929361335398774e-09
1e-06,90,200.0,10.0,1.1151339333390928,1.2412670446937573e-07,242.44099407863453,1.6662440354593726e-08,6.1126225081489536e-09
1e-06,90,500.0,1.0,1.1151339333390928,6.642028843090424e-08,250.65588074441857,4.281982178320374e-08,1.4348064934774244e-08
1e-06,90,500.0,10.0,1.1151339333390928,3.022453623994105e-07,251.13112212177796,3.746531342227056e-08,1.4963460850083524e-08
0.0,90,2.0,1.0,1.1151339333390358,6.538728639085732e-10,174.07412736421702,-3.7983937722351175e-10,1.6660053013375447e-10
0.0,90,2.0,10.0,1.1151339333390358,3.533605998512729e-09,174.27780224022817,-2.5855204993223145e-10,1.784314714923119e-10
0.0,90,5.0,1.0,1.1151339333390358,1.5300568748337766e-09,179.03021601382224,-7.532925193010821e-10,4.72237345139948e-10
0.0,90,5.0,10.0,1.1151339333390358,9.673498473498961e-09,179.16599926449638,-4.5377191349040725e-10,4.914670458676901e-10
0.0,90,18.0,1.0,1.1151339333390358,5.264474814478476e-09,192.20119132921153,2.6433936878657032e-09,1.5935009107220547e-09
0.0,90,18.0,10.0,1.1151339333390358,3.165714055873931e-08,192.20119132921153,2.6433936878657032e-09,1.5935009107220547e-09
0.0,90,52.0,1.0,1.1151339333390358,9.526473680671859e-09,214.87699419178892,5.997390646251498e-09,2.1455301411568414e-09
0.0,90,52.0,10.0,1.1151339333390358,4.48827126609321e-08,215.2164523184742,5.1797082408593055e-09,2.231120691462205e-09
0.0,90,200.0,1.0,1.1151339333390358,2.729850178101471e-08,242.50888570397157,1.754557028297958e-08,5.929361335397257e-09
0.0,90,200.0,10.0,1.1151339333390358,1.2412670446542893e-07,242.44099407863453,1.6662440346680876e-08,6.112622508150786e-09
0.0,90,500.0,1.0,1.1151339333390358,6.642028841276796e-08,250.65588074441857,4.281982176509933e-08,1.4348064934754875e-08
0.0,90,500.0,10.0,1.1151339333390358,3.022453623905999e-07,251.13112212177796,3.7465313402512745e-08,1.4963460850105e-08
