term	claim_status	drive_scope	comparator_basis	projection_result	observable_status	absorption_target	notes
static_in_phase_amplitude	Proven	single monochromatic drive	instantaneous static F coefficient	in-phase cos(Omega t) component is fit by one amplitude	degenerate	static sensitivity coefficient c_Y_eff	The cos component alone is not novel; it can be absorbed into a frequency-local static amplitude.
static_quadrature_phase_lag	Counterexample candidate	single monochromatic drive with finite Omega tau_chi	instantaneous static F coefficient only	sin(Omega t) quadrature remains outside static basis	observable	none in instantaneous static basis	The unmatched quadrature is proportional to alpha c_chi F0 Omega tau_chi/(1+Omega^2 tau_chi^2).
single_frequency_dotF_fit	Proven	one known drive frequency	local derivative basis {F, dot F} with free coefficients	one derivative coefficient fits the quadrature exactly	degenerate	frequency-local dot F Wilson coefficient	At one frequency, a0 F + a1 dot F fits both quadratures. This does not prove a dynamical internal state.
adiabatic_derivative_series	Proven	Omega tau_chi << 1	finite local derivative EFT through chosen order N	absorbed order-by-order up to the truncation error	absorbed	derivative Wilson coefficients through order N	The expansion of (1+tau_chi d/dt)^-1 reproduces the response to any fixed order after choosing N.
finite_tau_rational_transfer	Counterexample candidate	frequency-dependent response or varying drive frequency	finite static or finite-order polynomial derivative basis	rational transfer with pole is outside any finite polynomial basis	observable	none for finite shared-coefficient polynomial basis	The surviving object is not one quadrature point but the shared transfer relation alpha c_chi/(1+i Omega tau_chi).
tau_zero_collapse	Proven	tau_chi = 0	instantaneous static F coefficient	quadrature vanishes and chi = alpha F	null	static sensitivity redefinition	The readout reduces to c_Y -> c_Y + alpha c_chi.
omega_zero_collapse	Proven	Omega = 0	instantaneous static or secular basis	phase lag vanishes	null	static or secular offset	Zero-frequency forcing has no delayed quadrature.
alpha_cchi_zero_collapse	Proven	alpha c_chi = 0	any timing basis	internal state is either undriven or unread	null	not applicable	There is no dynamic contribution in the measured readout.
linear_two_frequency_sidebands	Proven	linear two-frequency drive	sideband search basis	no Omega1+Omega2 or |Omega1-Omega2| rows are generated	null	not applicable	Linearity gives superposition only; sidebands need nonlinear input or readout.
