term	claim_status	named_model_component	source_anchor	implementation_evidence	projection_nuisance_class	inferred_rank_class	bridge_verdict	runtime_worthiness	notes
public_named_model_source_path	Proven	Nutimo/J0337 public release path	Request 5 notes; Zenodo 2025 record 13899771	The public release path contains Nutimo source and J0337 data products; this audit inspects the source path only.	source-inspection boundary	not a projection model	conditional	conditional	Public source availability is imported as a setup fact. The runtime stack remains intentionally out of scope here.
finite_fittable_parameter_map	Proven	Parametres fittable parameter list	Parameters.h:63-122	The core parameter map is a finite list of spin, inner-orbit, outer-orbit, mass, orientation, SEP, sky, and extra-body parameters rather than Fourier amplitudes per carrier.	finite shared physical manifold	finite parameter rank, not per-carrier complex	conditional	runtime-motivated	For the Omega_in, Omega_out, abs(Omega_in-Omega_out) bridge this supports the finite-manifold side of the 10.5 gate, pending actual fit configuration.
motion_parameter_recomputes_state_vectors	Proven	parameter perturbation and state recomputation	Parameters.cpp:2216-2278, 2418-2455	Changes to orbital, SEP, and extra-body parameters set motion_changed and route through Compute_state_vectors.	finite state-vector projection	shared nonlinear geometry rank	conditional	runtime-motivated	Carrier amplitudes are generated by recomputed worldline and delay maps, not by independent complex coefficients at each frequency.
delay_projection_from_shared_states	Proven	Fittriple delay computation	Fittriple-compute.cpp:167-260; Delay_brut.cpp:512-735	Einstein, Shapiro, aberration, and geometric delay calls take the shared pulsar/companion state vectors sp, si, so and line-of-sight geometry as inputs.	finite shared physical manifold	shared state and geometry rank	conditional	runtime-motivated	This is the named-code analog of the phase/geometric-lock assumption used in the symbolic 10.5 gate.
geometric_delay_line_of_sight_projection	Proven	geometric/Roemer projection	Delay_brut.cpp:715-809	The geometric delay projects the pulsar state against the SSB-to-pulsar-system line of sight and optional Kopeikin/Shklovskii terms, with component delay details available.	finite shared geometry projection	geometry-locked finite rank	conditional	runtime-motivated	The projection is parameterized by physical geometry; it is not written as carrier-local complex amplitude freedom.
finite_parameter_gradient_program	Proven	Compute_gradients design matrix path	Compute_gradients.cpp:54-199	The gradient utility differentiates each residual with respect to the finite fitted parameter list and writes an ntoa by npar Jacobian.	finite fitted-parameter Jacobian	finite model derivative rank	conditional	runtime-motivated	A future runtime hand-off can test the exact rank class by adding a dynamic-chi column to this finite Jacobian.
spin_phase_and_mean_offset_nuisance	Proven	phase residual and mean removal	Fittriple-compute.cpp:431-453	Residuals are computed from spin phase, spin derivatives, dphase0, turn counts, and an optional weighted mean removal.	finite spin and offset nuisance	absorbs secular or constant pieces only	conditional	conditional	This nuisance is expected and does not by itself supply independent complex freedom at the three carrier frequencies.
rn_pl_specialcase_harmonic_nuisance	Proven	RN_PL special case	Fittriple-compute.cpp:343-383	The RN_PL branch introduces explicit sinusoid amplitudes and phases ds_Ak, ds_phik for multiple harmonics.	effectively per-harmonic complex nuisance	can reach per-carrier complex rank if enabled	collapse	not-runtime-motivated	Dynamic-chi tests must disable or explicitly isolate this special case; otherwise it can absorb carrier-level phase and amplitude relations by construction.
named_model_projection_class_verdict	Counterexample candidate	standard Nutimo triple timing core	Combined Parameters.h, Parameters.cpp, Fittriple-compute.cpp, Delay_brut.cpp, Compute_gradients.cpp inspection	The standard core is finite parameter/state/geometry based; the explicit harmonic special case is a separable collapse risk rather than the default projection form.	hybrid but core is finite shared physical manifold	conditional finite shared rank; collapses if arbitrary harmonic nuisance is admitted on target carriers	conditional	runtime-motivated	The named source inspection is positive enough to justify an external runtime hand-off only for a configuration that keeps the finite geometric model and excludes per-harmonic carrier soak-up terms.
