term	claim_status	carrier_inventory	N_frequencies	comparator_basis	verdict	surviving_target	notes
triple_inner_outer_inventory	Proven	Omega_in, Omega_out	2 if Omega_in != Omega_out and both amplitudes are nonzero	frequency inventory only	two existing GR carrier samples available	shared tau_chi transfer-law test input	The carriers need not be new tensor harmonics. Dynamic-chi uses existing distinct carrier frequencies as samples of the same relaxation transfer.
single_carrier_local_derivative	Proven	either Omega_in or Omega_out alone	1	frequency-local {F, dot F}	degenerate	none	Each carrier by itself has the Request 10.1 one-frequency degeneracy.
two_carrier_real_degree1	Counterexample candidate	Omega_in, Omega_out	2	real shared-coefficient degree-1 derivative EFT	distinguishable	shared tau_chi odd-channel pole residual	Two distinct positive frequencies are the first obstruction for a real degree-1 comparator.
two_carrier_real_degree2	Counterexample candidate	Omega_in, Omega_out	2	real shared-coefficient degree-2 derivative EFT	distinguishable	shared tau_chi odd-channel pole residual	The odd channel still has only one coefficient through degree 2, so the second positive frequency exposes the pole relation.
two_carrier_real_degree3_or_higher	Proven	Omega_in, Omega_out	2	real shared-coefficient degree-N derivative EFT, N >= 3	degenerate at two carriers	none without more distinct carrier frequencies	Two carriers are insufficient once the real derivative EFT has enough odd-channel coefficients. More distinct carrier frequencies are required.
two_carrier_complex_degree0	Counterexample candidate	Omega_in, Omega_out	2	complex shared-coefficient degree-0 polynomial	distinguishable	full rational transfer pole residual	This overpowered complex static comparator is still broken by two distinct samples.
two_carrier_complex_degree1_or_higher	Proven	Omega_in, Omega_out	2	complex shared-coefficient degree-N polynomial, N >= 1	degenerate at two carriers	none without more distinct carrier frequencies	An overpowered complex degree-1 polynomial can interpolate two samples, so the conservative complex-comparator gate needs at least three carriers.
commensurate_or_missing_carrier_collapse	Proven	Omega_in = Omega_out or F_in F_out = 0	less than 2	any multi-frequency bridge comparator	collapses to one-frequency degeneracy	none	The bridge requires two distinct positive carrier frequencies with nonzero readout amplitudes.
linear_sideband_check	Proven	Omega_in, Omega_out	2	sideband search basis	null	none	The linear one-state model still produces no Omega_in +/- Omega_out sidebands. The bridge is transfer-law based.
