term	claim_status	carrier_set	N_frequencies	comparator_basis	verdict	surviving_target	notes
inner_outer_combination_inventory	Counterexample candidate	Omega_in, Omega_out, abs(Omega_in - Omega_out)	3 under generic nonresonant hierarchy	frequency inventory only	third GR carrier available conditionally	three-sample shared tau_chi bridge input	The third carrier is the existing GR outer-dipole combination frequency. It need not be a new clock-sector shape.
inner_outer_pair_baseline	Proven	Omega_in, Omega_out	2	real shared-coefficient derivative EFT	distinguishes degree 1 and 2 only	low-order shared tau_chi pole residual	This restates Request 10.2b: two carriers are useful but not enough for higher derivative order.
three_carrier_real_degree4	Counterexample candidate	Omega_in, Omega_out, abs(Omega_in - Omega_out)	3	real shared-coefficient degree-N derivative EFT, N <= 4	distinguishable	shared tau_chi odd-channel pole residual	Three distinct positive carriers reach the first obstruction count for real degree 3 and 4 comparators.
three_carrier_real_degree5_or_higher	Proven	Omega_in, Omega_out, abs(Omega_in - Omega_out)	3	real shared-coefficient degree-N derivative EFT, N >= 5	degenerate at 3 carriers	none without more distinct carrier frequencies or order prior	Degree 5 raises the real positive-frequency obstruction count to four samples, so the three-carrier bridge is insufficient.
three_carrier_complex_degree1	Counterexample candidate	Omega_in, Omega_out, abs(Omega_in - Omega_out)	3	complex shared-coefficient degree-N polynomial, N <= 1	distinguishable	full rational transfer pole residual	Three samples are enough to beat the deliberately generous complex degree-1 polynomial comparator.
three_carrier_complex_degree2_or_higher	Proven	Omega_in, Omega_out, abs(Omega_in - Omega_out)	3	complex shared-coefficient degree-N polynomial, N >= 2	degenerate at 3 carriers	none without more distinct carrier frequencies or order prior	Complex degree 2 needs four distinct samples. The conservative complex gate remains open without another carrier or an order prior.
eccentric_outer_dipole_sideband_extension	Counterexample candidate	abs(2 Omega_in - Omega_out), abs(Omega_in - 2 Omega_out)	optional fourth/fifth samples if eccentric sidebands are usable	same shared-coefficient derivative gates	potential extension	higher-order comparator pressure	The Request 8 triple rank audit showed these sidebands in the GR carrier vector. They are not new scalar-EFT shapes, but can serve as additional frequency samples if their projections are not arbitrary nuisance amplitudes.
resonance_or_projection_collapse	Proven	commensurate or unprojected carriers	less than 3	any three-carrier bridge comparator	collapses to two-carrier or one-carrier bridge	none beyond lower inventory result	The third sample is lost if Omega_in=Omega_out, Omega_in=2 Omega_out, Omega_out=2 Omega_in, or the outer-dipole projection amplitude is zero/arbitrary.
arbitrary_projection_failure	Proven	any finite carrier set	any	unconstrained complex projection nuisance per carrier	collapses	none	If each carrier has an arbitrary complex projection amplitude, the projection absorbs the shared transfer law point by point.
